sample_id,source_file,polarity,intensity,decision_score_0,decision_score_1,decision_score_2
附件3_01.pkl#0,附件3_01.pkl,Neutral,-0.38658213609487413,0.45450771566580145,0.45607128581236694,0.08942099852183165
附件3_02.pkl#0,附件3_02.pkl,Positive,-0.08937342585844195,0.3317056190728967,0.3315756289281906,0.3367187519989127
附件3_03.pkl#0,附件3_03.pkl,Positive,0.13906263764446244,0.29448386630775586,0.2895225002775498,0.41599363341469436
附件3_04.pkl#0,附件3_04.pkl,Positive,0.3280475929794322,0.09236178621996655,0.3695232272896213,0.5381149864904122
附件3_05.pkl#0,附件3_05.pkl,Negative,-0.6076367478169518,0.8291839431912926,0.06425200321569494,0.10656405359301242
附件3_06.pkl#0,附件3_06.pkl,Positive,1.0081867465546956,0.16128453037504215,0.15646037901347482,0.682255090611483
附件3_07.pkl#0,附件3_07.pkl,Neutral,-0.06680080736845065,0.3451141023024392,0.4373486107312768,0.21753728696628394
附件3_08.pkl#0,附件3_08.pkl,Positive,-0.10375260637437522,0.35838629381242093,0.20263369251662655,0.4389800136709525
附件3_09.pkl#0,附件3_09.pkl,Positive,1.1115916265405443,0.030918793423526277,0.16385085467934296,0.8052303518971308
附件3_10.pkl#0,附件3_10.pkl,Neutral,-0.07319385913873622,0.1424278506985275,0.6873357058088839,0.17023644349258857
附件3_11.pkl#0,附件3_11.pkl,Neutral,0.08879559138071019,0.11534335576896124,0.44379809788291447,0.4408585463481243
附件3_12.pkl#0,附件3_12.pkl,Positive,0.25620274662329895,0.23240575054316098,0.3279953464627168,0.43959890299412235
附件3_13.pkl#0,附件3_13.pkl,Positive,0.1858074974319233,0.3630398833581431,0.22553720817817333,0.4114229084636835
附件3_14.pkl#0,附件3_14.pkl,Negative,-0.5457805023436991,0.6180849529366002,0.23570076613416943,0.14621428092923042
附件3_15.pkl#0,附件3_15.pkl,Positive,1.3892322631048097,0.015346982658604512,0.09841328910544354,0.886239728235952
附件3_16.pkl#0,附件3_16.pkl,Positive,1.187525868282212,0.15043117696244493,0.07005165970523916,0.779517163332316
附件3_17.pkl#0,附件3_17.pkl,Negative,-0.3543944449837066,0.3759583856915077,0.3427657568006517,0.2812758575078406
附件3_18.pkl#0,附件3_18.pkl,Negative,0.09829678723231113,0.4393167964649194,0.3015981444142365,0.2590850591208441
附件3_19.pkl#0,附件3_19.pkl,Positive,0.15153003402340898,0.23179060621737257,0.37882167500970054,0.38938771877292694
附件3_20.pkl#0,附件3_20.pkl,Neutral,-0.1827038003477425,0.31301414434183444,0.41564765515256674,0.2713382005055988
附件3_21.pkl#0,附件3_21.pkl,Positive,0.36613285607425755,0.16756513838168427,0.21376739119017715,0.6186674704281386
附件3_22.pkl#0,附件3_22.pkl,Positive,0.31669032224603527,0.40428058421635904,0.18881184727481512,0.4069075685088258
附件3_23.pkl#0,附件3_23.pkl,Neutral,0.3850432372222795,0.1668650901319812,0.4522717806267493,0.38086312924126947
附件3_24.pkl#0,附件3_24.pkl,Negative,0.45957742921499484,0.45509404944192744,0.13716691695950642,0.4077390335985662
附件3_25.pkl#0,附件3_25.pkl,Neutral,0.1313399350656457,0.28391429689938386,0.40087290288437283,0.3152128002162434
附件3_26.pkl#0,附件3_26.pkl,Positive,0.3765041095924162,0.3140438494518917,0.19684092147028337,0.48911522907782484
附件3_27.pkl#0,附件3_27.pkl,Positive,0.23757709891065432,0.2884895901250344,0.24162146250327055,0.46988894737169506
附件3_28.pkl#0,附件3_28.pkl,Positive,0.3035182955987013,0.10955441370511611,0.3538678052366657,0.5365777810582183
附件3_29.pkl#0,附件3_29.pkl,Positive,0.1379928275114639,0.18334325081585587,0.2271781139914846,0.5894786351926596
附件3_30.pkl#0,附件3_30.pkl,Positive,0.6046647411516437,0.18960425811540713,0.2997262116243726,0.5106695302602203
