sample_id,source_file,polarity,intensity,prob_0,prob_1,prob_2
附件3_01.pkl#0,附件3_01.pkl,Neutral,-0.4895040988922119,0.3333582580089569,0.5077887773513794,0.15885290503501892
附件3_02.pkl#0,附件3_02.pkl,Neutral,-0.10951370000839233,0.3410126864910126,0.35009974241256714,0.30888766050338745
附件3_03.pkl#0,附件3_03.pkl,Positive,0.24043671786785126,0.24098215997219086,0.32186341285705566,0.4371543824672699
附件3_04.pkl#0,附件3_04.pkl,Positive,0.8671661615371704,0.06149128079414368,0.12659727036952972,0.811911404132843
附件3_05.pkl#0,附件3_05.pkl,Negative,-0.8834123611450195,0.9140303134918213,0.03840704262256622,0.04756268113851547
附件3_06.pkl#0,附件3_06.pkl,Positive,0.6092569828033447,0.07240933924913406,0.15523357689380646,0.7723570466041565
附件3_07.pkl#0,附件3_07.pkl,Neutral,-0.3759360909461975,0.3587099313735962,0.4397478401660919,0.20154224336147308
附件3_08.pkl#0,附件3_08.pkl,Negative,-0.17158350348472595,0.4963276982307434,0.16506528854370117,0.3386070430278778
附件3_09.pkl#0,附件3_09.pkl,Positive,1.4009431600570679,0.011887378059327602,0.06696908921003342,0.9211435317993164
附件3_10.pkl#0,附件3_10.pkl,Neutral,-0.35656261444091797,0.17140716314315796,0.7006863951683044,0.12790647149085999
附件3_11.pkl#0,附件3_11.pkl,Positive,0.4891432523727417,0.10005379468202591,0.3870074450969696,0.5129387974739075
附件3_12.pkl#0,附件3_12.pkl,Positive,-0.20935428142547607,0.3136094808578491,0.33203616738319397,0.3543543517589569
附件3_13.pkl#0,附件3_13.pkl,Negative,-0.15495117008686066,0.42862457036972046,0.1694631576538086,0.40191224217414856
附件3_14.pkl#0,附件3_14.pkl,Negative,-0.808546781539917,0.7553597092628479,0.14317205548286438,0.10146819055080414
附件3_15.pkl#0,附件3_15.pkl,Positive,1.3296862840652466,0.011814609169960022,0.06252610683441162,0.9256592988967896
附件3_16.pkl#0,附件3_16.pkl,Positive,0.9425348043441772,0.06437055766582489,0.05654395371675491,0.8790854811668396
附件3_17.pkl#0,附件3_17.pkl,Negative,-0.6939524412155151,0.7579519152641296,0.126323863863945,0.11572419852018356
附件3_18.pkl#0,附件3_18.pkl,Negative,-0.3335707187652588,0.7028140425682068,0.11537374556064606,0.18181222677230835
附件3_19.pkl#0,附件3_19.pkl,Negative,0.025931403040885925,0.37979796528816223,0.26817792654037476,0.3520241379737854
附件3_20.pkl#0,附件3_20.pkl,Negative,-0.1660791039466858,0.5186634063720703,0.2685444951057434,0.21279214322566986
附件3_21.pkl#0,附件3_21.pkl,Positive,0.4508973956108093,0.0768270269036293,0.23112410306930542,0.6920488476753235
附件3_22.pkl#0,附件3_22.pkl,Negative,-0.3850739598274231,0.7033268809318542,0.10201694071292877,0.1946561336517334
附件3_23.pkl#0,附件3_23.pkl,Positive,0.26924312114715576,0.16671590507030487,0.3446447253227234,0.48863932490348816
附件3_24.pkl#0,附件3_24.pkl,Negative,0.12806527316570282,0.5073273777961731,0.04757239669561386,0.44510024785995483
附件3_25.pkl#0,附件3_25.pkl,Negative,-0.3818068504333496,0.39321303367614746,0.39129558205604553,0.2154913693666458
附件3_26.pkl#0,附件3_26.pkl,Negative,0.03132103383541107,0.43617135286331177,0.15435868501663208,0.4094699025154114
附件3_27.pkl#0,附件3_27.pkl,Positive,0.23435096442699432,0.20738457143306732,0.21634094417095184,0.5762744545936584
附件3_28.pkl#0,附件3_28.pkl,Positive,0.2282298356294632,0.15497519075870514,0.407138466835022,0.4378862977027893
附件3_29.pkl#0,附件3_29.pkl,Positive,0.3875635862350464,0.2861379384994507,0.14735056459903717,0.5665114521980286
附件3_30.pkl#0,附件3_30.pkl,Negative,0.06398996710777283,0.41392800211906433,0.21906070411205292,0.36701127886772156
