candidate,seed,best_epoch,fusion,text_pooling,joint_prediction,model_parameters,checkpoint_bytes,checkpoint_sha256,accuracy,macro_f1,negative_recall,neutral_recall,positive_recall,neutral_to_positive,mae,pearson,missing_mean_accuracy,missing_mean_macro_f1,missing_mean_mae,missing_mean_pearson,validation_json
availability_gate,1729,3,availability_gate,masked_mean,False,11443933,45787836,b7553a0ac9bca713048944e5253881781cfa611b5d2ef5829dd25eebada44100,0.6291208791208791,0.5701831241820643,0.7087378640776699,0.2391304347826087,0.7928994082840237,99,0.6192658818876985,0.6086412537944433,0.6090482098546615,0.556235050843547,0.640906767955588,0.5698698631895087,D:\codex_projects\projects\Mathematical Modeling\problem2\outputs\bert_postencoder_20260926\availability_gate\validation_v4_32.json
content_gate,1729,3,content_gate,masked_mean,False,11443933,45787836,e6b4da459b5bfecc667b8ba98c86e3d1555aefe9fc887930a36a6b78ff13b63f,0.6291208791208791,0.5691583960991063,0.7135922330097088,0.23369565217391305,0.7928994082840237,100,0.6192308890986369,0.6078992773799377,0.60811768876285,0.5553964100944204,0.6411644971940179,0.569189800839745,D:\codex_projects\projects\Mathematical Modeling\problem2\outputs\bert_postencoder_20260926\content_gate\validation_v4_32.json
pooled,1729,3,pooled,masked_mean,False,11442760,45782976,8d8b8b40b4e68d0818d417eba5d5d6c4e1938628fa08e79649036c2df891b64c,0.6263736263736264,0.5603412644678725,0.6650485436893204,0.21739130434782608,0.8254437869822485,108,0.6256169121837817,0.6062464694819653,0.6078075150655796,0.5483487469133554,0.6457644889797616,0.5672962249173004,D:\codex_projects\projects\Mathematical Modeling\problem2\outputs\bert_postencoder_20260926\pooled\validation_v4_32.json
availability_gate,2718,3,availability_gate,masked_mean,False,11443933,45787836,6ea8334032c11f5057ac10365aea829af229bb785ebe1d78795347cf71a2191f,0.6071428571428571,0.5603129071432763,0.7087378640776699,0.27717391304347827,0.7248520710059172,81,0.6463596272168126,0.6037232825007219,0.5941155618574974,0.5518152371331287,0.6617398502055543,0.5714841664912285,D:\codex_projects\projects\Mathematical Modeling\problem2\outputs\bert_postencoder_20260926\seed2718\availability_gate\validation_v4_32.json
availability_joint_mix,2718,3,availability_gate,masked_mean,True,11444191,45789052,2443d7eb012b00b503170e93871586ac7f6395b99088704218f57f62efaf86e1,0.6057692307692307,0.5574303239352626,0.6990291262135923,0.2717391304347826,0.7307692307692307,82,0.6457359540777711,0.5989017510672178,0.5951347040056717,0.5525761111125341,0.662977256961048,0.5656389670028915,D:\codex_projects\projects\Mathematical Modeling\problem2\outputs\bert_postencoder_20260926\seed2718\availability_joint_mix\validation_v4_32.json
content_gate,2718,5,content_gate,masked_mean,False,11443933,45787836,62469dfc2dba6c82b2a3e8d9e2ebd9a245ebf89004c08e5c465e40376670cb3f,0.6098901098901099,0.5803577873875857,0.587378640776699,0.4076086956521739,0.7337278106508875,84,0.6170273735811601,0.6078312012187179,0.5821517192484934,0.5520560695656244,0.6383461235825392,0.5660678587206637,D:\codex_projects\projects\Mathematical Modeling\problem2\outputs\bert_postencoder_20260926\seed2718\content_gate\validation_v4_32.json
pooled,2718,3,pooled,masked_mean,False,11442760,45782976,ba731758e533fb8dc123c56d1f95ffd6851a2ab12230d2f3af1a04e7e144abe1,0.6181318681318682,0.5773239396768809,0.7038834951456311,0.32065217391304346,0.727810650887574,75,0.6283569641342223,0.6094496520053325,0.6006292095001773,0.5619528744225751,0.6459503504181258,0.5779114587651462,D:\codex_projects\projects\Mathematical Modeling\problem2\outputs\bert_postencoder_20260926\seed2718\pooled\validation_v4_32.json
availability_cls,1729,4,availability_gate,cls,False,11443933,45787836,7e948fa5a1f17807d26c311b16a46470c7b802d13cf8e899e3458d4a5f8baa5b,0.6126373626373627,0.5539745120502495,0.5339805825242718,0.2717391304347826,0.8461538461538461,106,0.6419589796492441,0.6010681543714124,0.5971729883020206,0.5417650549337268,0.6574086304664365,0.5576499879703744,D:\codex_projects\projects\Mathematical Modeling\problem2\outputs\bert_postencoder_20260926\stage2\availability_cls\validation_v4_32.json
availability_cls_mean,1729,3,availability_gate,cls_mean,False,11443933,45787836,b836ab8852df8e4d02945b7ef517cdf9e8ecd7685ee915ebdf6b720d4f217fbc,0.6195054945054945,0.5741472634815836,0.7378640776699029,0.2826086956521739,0.7307692307692307,88,0.6215243012795306,0.6090231846632574,0.6015154200638072,0.5627851356529063,0.6426421418815651,0.5716814068171229,D:\codex_projects\projects\Mathematical Modeling\problem2\outputs\bert_postencoder_20260926\stage2\availability_cls_mean\validation_v4_32.json
availability_focal_gamma1,1729,3,availability_gate,masked_mean,False,11443933,45787836,d1dc63db3b40e22ed9c7ff69989e8826f219ad07c75e316aca77ba9e8f85f469,0.6263736263736264,0.561703547544734,0.6990291262135923,0.21739130434782608,0.8047337278106509,102,0.6158147530648141,0.6083670050662262,0.6039968096419709,0.5449994304205505,0.6376393524370884,0.570773810274177,D:\codex_projects\projects\Mathematical Modeling\problem2\outputs\bert_postencoder_20260926\stage2\availability_focal_gamma1\validation_v4_32.json
availability_joint_mix,1729,3,availability_gate,masked_mean,True,11444191,45789052,b8b9c9d3958cb508f96ad63534a273751e7a71d4b8acf0ccde5b4c0031c41e4d,0.6304945054945055,0.5789743022447426,0.7087378640776699,0.2717391304347826,0.7781065088757396,91,0.6353993311033144,0.600186461568535,0.6067883729174052,0.5621483148678036,0.6578255721327618,0.56475919528249,D:\codex_projects\projects\Mathematical Modeling\problem2\outputs\bert_postencoder_20260926\stage2\availability_joint_mix\validation_v4_32.json
availability_joint_mix_consistency005,1729,3,availability_gate,masked_mean,True,11444191,45789052,a17a2c9089f6628b224fa40dbbc9ca55d7dad33e3e7ed0ab8c14fb9f9d54ee19,0.6304945054945055,0.5753939445799284,0.7087378640776699,0.2554347826086957,0.7869822485207101,96,0.6359458369417832,0.6022036882287795,0.6077188940092166,0.5614080431653116,0.6579524207987665,0.5665600907257915,D:\codex_projects\projects\Mathematical Modeling\problem2\outputs\bert_postencoder_20260926\stage2\availability_joint_mix_consistency005\validation_v4_32.json
availability_severity_ramp,1729,3,availability_gate,masked_mean,False,11443933,45787836,4c36d0fafc13b678d665265a0f6f2ac7b09c87cc8cd05c6da553760d52864603,0.625,0.5669556679377373,0.7233009708737864,0.2391304347826087,0.7751479289940828,95,0.6258238951348096,0.603645452229959,0.6029776674937966,0.5553869030318433,0.6475352521898479,0.5657454017186976,D:\codex_projects\projects\Mathematical Modeling\problem2\outputs\bert_postencoder_20260926\stage2\availability_severity_ramp\validation_v4_32.json
