scenario,quantity,ci_low,ci_high,clusters,bootstrap_repeats
complete,proposed_accuracy,0.5744973365766542,0.6532168199737188,381,500
complete,proposed_macro_f1,0.5342734275451685,0.6160405321885318,381,500
complete,proposed_mae,0.6974011869683667,0.8021278206198386,381,500
complete,augmentation_delta_macro_f1,-0.02492642775566903,0.004917286405076805,381,500
complete,augmentation_delta_mae,-0.0014191375192724898,0.004375835060096405,381,500
211|random|text+audio+vision|0.3,proposed_accuracy,0.5516283473807746,0.6275270977838746,381,500
211|random|text+audio+vision|0.3,proposed_macro_f1,0.5155659915211935,0.5970705396750441,381,500
211|random|text+audio+vision|0.3,proposed_mae,0.7118873718780278,0.8236610531499283,381,500
211|random|text+audio+vision|0.3,augmentation_delta_macro_f1,-0.01741204719092355,0.011954737436612514,381,500
211|random|text+audio+vision|0.3,augmentation_delta_mae,-0.0035009517190814745,0.002148950967692228,381,500
