model,modalities,rate,position,mask_repeats,accuracy,f1_macro,f1_weighted,mae,mae_mask_std
proposed,audio,0.1,end,1,0.6162310866574966,0.5769456355424002,0.6153366881154559,0.7465511226046381,0.0
proposed,audio,0.1,middle,1,0.6148555708390646,0.5755983590362144,0.6139735565719149,0.7464692287595002,0.0
proposed,audio,0.1,random,3,0.6166895919303071,0.577924848806222,0.6159389647548931,0.7464114509569885,0.00014914105317290934
proposed,audio,0.1,start,1,0.6134800550206327,0.5746486914198801,0.6125549334201419,0.7465583600435558,0.0
proposed,audio,0.3,end,1,0.6162310866574966,0.5777222879299239,0.615733767831631,0.7478282536955113,0.0
proposed,audio,0.3,middle,1,0.6148555708390646,0.5758521756214261,0.6140064035673428,0.7461605381681268,0.0
proposed,audio,0.3,random,3,0.6166895919303071,0.5787558599461841,0.6164836626719047,0.7466450383165882,0.0005362126124676805
proposed,audio,0.3,start,1,0.6176066024759285,0.579277737201216,0.6170045244390472,0.7476413915869414,0.0
proposed,audio,0.5,end,1,0.6121045392022009,0.5757244317575109,0.612432546763586,0.7477246752336951,0.0
proposed,audio,0.5,middle,1,0.6107290233837689,0.5711519799506884,0.6096798656474262,0.7464444038419928,0.0
proposed,audio,0.5,random,3,0.6116460339293902,0.5746425283888335,0.6118026783852293,0.746934765269642,0.0008478131487064596
proposed,audio,0.5,start,1,0.6121045392022009,0.5765811935643569,0.6127783740019903,0.7475843743741353,0.0
proposed,audio,0.7,end,1,0.6011004126547456,0.5656980715158961,0.6025852412901435,0.7477236217976001,0.0
proposed,audio,0.7,middle,1,0.6038514442916093,0.5682283752152748,0.6040742084590406,0.7478408045502839,0.0
proposed,audio,0.7,random,3,0.6066024759284733,0.5704883754752318,0.6071881681692116,0.7472322019250707,0.0012269945886806512
proposed,audio,0.7,start,1,0.6107290233837689,0.5758448065453171,0.6118121259454143,0.7482516506371354,0.0
proposed,audio+vision,0.1,end,1,0.6162310866574966,0.5769931061204652,0.6154638978528133,0.7468105001160898,0.0
proposed,audio+vision,0.1,middle,1,0.6148555708390646,0.5767293086986965,0.6141897506325606,0.7465070562676199,0.0
proposed,audio+vision,0.1,random,3,0.6139385602934434,0.5748921000875207,0.6130560410966059,0.7467915755388121,8.95573974066703e-05
proposed,audio+vision,0.1,start,1,0.6162310866574966,0.5778232696372149,0.615520200719636,0.746512601780554,0.0
proposed,audio+vision,0.3,end,1,0.6079779917469051,0.5715884745863941,0.608880995817116,0.74835692419634,0.0
proposed,audio+vision,0.3,middle,1,0.6134800550206327,0.5759757336602807,0.6132844978863755,0.7462911790451364,0.0
proposed,audio+vision,0.3,random,3,0.6107290233837689,0.57364907365253,0.6109504666318862,0.7476572780926097,0.0010497867397979148
proposed,audio+vision,0.3,start,1,0.6134800550206327,0.5764314289905754,0.6136803507783761,0.7514910190827402,0.0
proposed,audio+vision,0.5,end,1,0.6024759284731774,0.5721160352406306,0.6055977447573208,0.7505931647725512,0.0
proposed,audio+vision,0.5,middle,1,0.6176066024759285,0.5847904483430799,0.6194699437727744,0.749093945128702,0.0
proposed,audio+vision,0.5,random,3,0.6043099495644201,0.573308609861487,0.6072809193553982,0.7501733467561809,0.0011196232272158947
proposed,audio+vision,0.5,start,1,0.5928473177441541,0.562758823776692,0.5968733131016811,0.7526937858052668,0.0
proposed,audio+vision,0.7,end,1,0.5983493810178817,0.5717163297690812,0.6033521753429916,0.7523490818769315,0.0
proposed,audio+vision,0.7,middle,1,0.609353507565337,0.5823166182044437,0.6135286336865091,0.7530196376097918,0.0
proposed,audio+vision,0.7,random,3,0.6015589179275561,0.57493013090979,0.6061676602362062,0.7524609250413347,0.0015770933279464613
proposed,audio+vision,0.7,start,1,0.5914718019257221,0.5641945086710282,0.5967269618891239,0.7556748596012789,0.0
proposed,text,0.1,end,1,0.6038514442916093,0.5669855634561517,0.6039817581884093,0.7556370927803245,0.0
proposed,text,0.1,middle,1,0.5997248968363136,0.5620089258764146,0.6011062786510416,0.744866251921869,0.0
proposed,text,0.1,random,3,0.6088950022925265,0.5687996529014221,0.6086220478320249,0.7530411509158105,0.004970353007706127
proposed,text,0.1,start,1,0.6134800550206327,0.5789726842358421,0.6134833979617879,0.7526703089332077,0.0
proposed,text,0.3,end,1,0.5955983493810179,0.5630827167067091,0.5982917955749452,0.7647328737350169,0.0
proposed,text,0.3,middle,1,0.579092159559835,0.5457232933868448,0.5831929192301482,0.7634983178507488,0.0
proposed,text,0.3,random,3,0.5983493810178816,0.5637983540794521,0.600280360626614,0.7675699877482812,0.0024349116902158785
proposed,text,0.3,start,1,0.5955983493810179,0.5506063904921645,0.5925001773336964,0.7673966149448472,0.0
proposed,text,0.5,end,1,0.5543328748280605,0.527193800943801,0.5621288298024887,0.7858962519493745,0.0
proposed,text,0.5,middle,1,0.5900962861072903,0.5558127271167672,0.5960037528977294,0.7835183948664488,0.0
proposed,text,0.5,random,3,0.567629527739569,0.5360214836716413,0.572483918245422,0.786222935553411,0.0023676784680548395
proposed,text,0.5,start,1,0.5722145804676754,0.5356336474680826,0.5744112714736547,0.7853422042918762,0.0
proposed,text,0.7,end,1,0.5199449793672627,0.4914820608091577,0.5300560343730016,0.8078604537396419,0.0
proposed,text,0.7,middle,1,0.5763411279229711,0.5455117552593004,0.5835715687654874,0.7992221971602185,0.0
proposed,text,0.7,random,3,0.5392022008253096,0.5063568324040757,0.5451831329199422,0.8099393765088857,0.004938440192741507
proposed,text,0.7,start,1,0.5639614855570839,0.5236619441164896,0.5661481821916985,0.8119117507291581,0.0
proposed,text+audio,0.1,end,1,0.6024759284731774,0.5649294696706497,0.6023678535804768,0.7559053981536124,0.0
proposed,text+audio,0.1,middle,1,0.6024759284731774,0.5654757730655341,0.6042279090059269,0.7448696162829173,0.0
proposed,text+audio,0.1,random,3,0.6052269601100413,0.5659790784669344,0.6054114663790613,0.7530735309001945,0.004981651291413204
proposed,text+audio,0.1,start,1,0.6107290233837689,0.5763440860215053,0.611220336658505,0.7528706382226107,0.0
proposed,text+audio,0.3,end,1,0.5914718019257221,0.5596633980189379,0.5948201307303201,0.766413872428567,0.0
proposed,text+audio,0.3,middle,1,0.5845942228335625,0.553565557097398,0.5894797497132914,0.7628519338426141,0.0
proposed,text+audio,0.3,random,3,0.5965153599266392,0.5624051345985498,0.5992136584733573,0.7679521240747418,0.0020883120538512643
proposed,text+audio,0.3,start,1,0.594222833562586,0.5516398935876833,0.592511608289142,0.769210759360159,0.0
proposed,text+audio,0.5,end,1,0.5488308115543329,0.5267312902732636,0.5598166902735637,0.7877897052539128,0.0
proposed,text+audio,0.5,middle,1,0.5832187070151307,0.5525290759730931,0.5901822738587955,0.7831100484283651,0.0
proposed,text+audio,0.5,random,3,0.5639614855570839,0.536822746850759,0.5717792150328026,0.7868017999005108,0.001621707936660506
proposed,text+audio,0.5,start,1,0.5653370013755158,0.5335268530879792,0.5704549855994141,0.7872306026031736,0.0
proposed,text+audio,0.7,end,1,0.5185694635488308,0.49944611298979796,0.5319954905084228,0.8088464258525075,0.0
proposed,text+audio,0.7,middle,1,0.5570839064649243,0.5310766544224722,0.568870090646,0.8017728384672536,0.0
proposed,text+audio,0.7,random,3,0.5272810637322329,0.5049427185910073,0.5380028897973866,0.8110435079211404,0.004529323042947105
proposed,text+audio,0.7,start,1,0.5364511691884457,0.5074278815605541,0.54486644963268,0.8154448211193741,0.0
proposed,text+audio+vision,0.1,end,1,0.6011004126547456,0.5646137744180827,0.601056457866125,0.7562145245836668,0.0
proposed,text+audio+vision,0.1,middle,1,0.5997248968363136,0.5622804612879867,0.6015187036202619,0.7448751420348444,0.0
proposed,text+audio+vision,0.1,random,3,0.60430994956442,0.5654849985552753,0.6043782900599111,0.7534338598872692,0.004794281149821828
proposed,text+audio+vision,0.1,start,1,0.6121045392022009,0.5770975670436805,0.6126829772068129,0.75277690802644,0.0
proposed,text+audio+vision,0.3,end,1,0.594222833562586,0.565849062520335,0.5991221217619787,0.7679898436514299,0.0
proposed,text+audio+vision,0.3,middle,1,0.5777166437414031,0.5475295446462719,0.5837393704593317,0.7637476547562728,0.0
proposed,text+audio+vision,0.3,random,3,0.5905547913801009,0.5569718844645974,0.5940559705446999,0.7694742942675848,0.0018343070169183373
proposed,text+audio+vision,0.3,start,1,0.5845942228335625,0.5432282540308571,0.5837414999016326,0.772990277762931,0.0
proposed,text+audio+vision,0.5,end,1,0.5226960110041265,0.5080878698413033,0.537811628722689,0.7918918657818446,0.0
proposed,text+audio+vision,0.5,middle,1,0.5735900962861072,0.5508383243331697,0.5828877857301544,0.7875162228167233,0.0
proposed,text+audio+vision,0.5,random,3,0.5456212746446584,0.524527409594521,0.5563931502865563,0.7924232649582973,0.002368915774705296
proposed,text+audio+vision,0.5,start,1,0.5570839064649243,0.5301622141304606,0.5639988209780502,0.79450974583531,0.0
proposed,text+audio+vision,0.7,end,1,0.4855570839064649,0.47358726780108734,0.5020525970884407,0.8183889052949869,0.0
proposed,text+audio+vision,0.7,middle,1,0.5268225584594223,0.5105944745638172,0.54449601230907,0.8120186025243915,0.0
proposed,text+audio+vision,0.7,random,3,0.49977074736359467,0.48554645223262155,0.5153073861130804,0.8222531199307976,0.0072339092889863845
proposed,text+audio+vision,0.7,start,1,0.5144429160935351,0.49470254226351784,0.5285203060322998,0.828807634430154,0.0
proposed,text+vision,0.1,end,1,0.6038514442916093,0.5670730923930506,0.6037654838011344,0.7559173688547619,0.0
proposed,text+vision,0.1,middle,1,0.5969738651994498,0.5587418505399578,0.5986294195541828,0.7448602236295924,0.0
proposed,text+vision,0.1,random,3,0.6052269601100413,0.5654363541752051,0.6050489321978801,0.753400676504511,0.004796736583077391
proposed,text+vision,0.1,start,1,0.6134800550206327,0.5786286795628595,0.6135981776769056,0.7525849396153819,0.0
proposed,text+vision,0.3,end,1,0.5914718019257221,0.5620614052806315,0.5958292097336201,0.7662487392385579,0.0
proposed,text+vision,0.3,middle,1,0.5749656121045392,0.5432551964637717,0.5803600379300039,0.764036693395126,0.0
proposed,text+vision,0.3,random,3,0.5933058230169647,0.5588276852857078,0.5959589229573664,0.7690625302126229,0.0020994949160566866
proposed,text+vision,0.3,start,1,0.5873452544704264,0.5426957466162617,0.5847611482613998,0.7709759607614359,0.0
proposed,text+vision,0.5,end,1,0.5405777166437414,0.5196684666993945,0.5520036059177567,0.7893967971925842,0.0
proposed,text+vision,0.5,middle,1,0.5832187070151307,0.5568994328214502,0.5905875184099348,0.7870857075335002,0.0
proposed,text+vision,0.5,random,3,0.5511233379183861,0.5274703704469673,0.5594057428736968,0.791496878717734,0.002713410094097054
proposed,text+vision,0.5,start,1,0.5667125171939478,0.5353453567409235,0.5710081544966498,0.7918568082427239,0.0
proposed,text+vision,0.7,end,1,0.5006877579092159,0.48146041643553444,0.5150952435384428,0.816110258187699,0.0
proposed,text+vision,0.7,middle,1,0.5502063273727648,0.5243515424310623,0.5622487840291946,0.8087533167939759,0.0
proposed,text+vision,0.7,random,3,0.5268225584594223,0.5039656815084687,0.5382090467128551,0.8205022544213684,0.0070102928895986955
proposed,text+vision,0.7,start,1,0.546079779917469,0.5199800650226782,0.5551045203212426,0.8248053448947751,0.0
proposed,vision,0.1,end,1,0.6162310866574966,0.5769456355424002,0.6153366881154559,0.7466689252176586,0.0
proposed,vision,0.1,middle,1,0.6134800550206327,0.5746486914198801,0.6125549334201419,0.7464666525562498,0.0
proposed,vision,0.1,random,3,0.6125630444750114,0.5731374507047869,0.6115211001292616,0.7468021044479188,0.00022832573042387157
proposed,vision,0.1,start,1,0.6162310866574966,0.5778232696372149,0.615520200719636,0.7463934471962622,0.0
proposed,vision,0.3,end,1,0.609353507565337,0.5722375242991181,0.6095268106385703,0.7463580787581906,0.0
proposed,vision,0.3,middle,1,0.6121045392022009,0.5738525738525738,0.6115257655835372,0.7465093878138921,0.0
proposed,vision,0.3,random,3,0.6088950022925264,0.5711666179227254,0.6086905684477911,0.7472324425674745,0.0006843167718653081
proposed,vision,0.3,start,1,0.6148555708390646,0.5776510998974368,0.6147646010264981,0.7498931188838829,0.0
proposed,vision,0.5,end,1,0.6052269601100413,0.5721939660255032,0.6073138949779358,0.7482351365686246,0.0
proposed,vision,0.5,middle,1,0.609353507565337,0.5752132810588222,0.6104869226084625,0.7488210039454053,0.0
proposed,vision,0.5,random,3,0.6052269601100413,0.5714631793162365,0.6066300006693833,0.7493679981470969,0.0010523387179343173
proposed,vision,0.5,start,1,0.6038514442916093,0.5689897204220867,0.6048369189169641,0.7509152857364618,0.0
proposed,vision,0.7,end,1,0.6052269601100413,0.5750509764910549,0.6083116213755773,0.7498671821113795,0.0
proposed,vision,0.7,middle,1,0.6121045392022009,0.5806567850729075,0.6146193664164051,0.7512133176700435,0.0
proposed,vision,0.7,random,3,0.6070609812012838,0.5767354851608836,0.610218975015391,0.7509920381601191,0.0012266947828821363
proposed,vision,0.7,start,1,0.6121045392022009,0.5800290486564996,0.6147339021196129,0.75295372180019,0.0
no_augmentation,audio,0.1,end,1,0.6217331499312242,0.5849156639796032,0.6215084290931737,0.7450518011038848,0.0
no_augmentation,audio,0.1,middle,1,0.6203576341127923,0.5825534526789674,0.6197203278699781,0.7449608685443958,0.0
no_augmentation,audio,0.1,random,3,0.6203576341127923,0.5838802891946635,0.6201894255104557,0.7449209075461374,0.00018653360351439784
no_augmentation,audio,0.1,start,1,0.6203576341127923,0.5838680259319045,0.6203078340181686,0.7450307911270299,0.0
no_augmentation,audio,0.3,end,1,0.6176066024759285,0.582336325707208,0.6183384384424224,0.7462940265310855,0.0
no_augmentation,audio,0.3,middle,1,0.6176066024759285,0.5802758218121745,0.6177570254968885,0.7447474703708757,0.0
no_augmentation,audio,0.3,random,3,0.6212746446584135,0.5855670186560736,0.6218322420948366,0.7452263881228163,0.0004928293556089456
no_augmentation,audio,0.3,start,1,0.624484181568088,0.590176085620277,0.625125193723327,0.7462697949672104,0.0
no_augmentation,audio,0.5,end,1,0.6134800550206327,0.5788638513994355,0.615237228242186,0.7464400352052362,0.0
no_augmentation,audio,0.5,middle,1,0.6162310866574966,0.5815223267413536,0.6174669839667495,0.745191028352804,0.0
no_augmentation,audio,0.5,random,3,0.6198991288399817,0.5851474728365854,0.621333352833393,0.7456482470035445,0.000722184075064232
no_augmentation,audio,0.5,start,1,0.624484181568088,0.5911072789890639,0.6261617904909614,0.7463616276960062,0.0
no_augmentation,audio,0.7,end,1,0.6079779917469051,0.5751846590280452,0.6109802610676756,0.7466195240838039,0.0
no_augmentation,audio,0.7,middle,1,0.609353507565337,0.5762107741647383,0.6112484393314769,0.7465987523857309,0.0
no_augmentation,audio,0.7,random,3,0.6098120128381477,0.5779157598984281,0.6126211246065131,0.7462127662774675,0.0011229467412209398
no_augmentation,audio,0.7,start,1,0.609353507565337,0.5782650162210546,0.6125728521894528,0.7473797055023849,0.0
no_augmentation,audio+vision,0.1,end,1,0.6217331499312242,0.5848136524094457,0.6217204204756789,0.7453815623194711,0.0
no_augmentation,audio+vision,0.1,middle,1,0.6231086657496562,0.5858599510428704,0.6229190147200075,0.7452234678833409,0.0
no_augmentation,audio+vision,0.1,random,3,0.6212746446584135,0.5843606737305055,0.621075534691632,0.7453300081520667,0.00013328001196320478
no_augmentation,audio+vision,0.1,start,1,0.6189821182943603,0.5828214071132952,0.6191064331884671,0.7450049577585918,0.0
no_augmentation,audio+vision,0.3,end,1,0.6134800550206327,0.5811027295660279,0.6157492746547016,0.7470998327231725,0.0
no_augmentation,audio+vision,0.3,middle,1,0.6217331499312242,0.5847848591979515,0.6220814053991979,0.745434073407713,0.0
no_augmentation,audio+vision,0.3,random,3,0.6221916552040349,0.5869154949667363,0.6232111474201586,0.7464804829540345,0.0010220872820957292
no_augmentation,audio+vision,0.3,start,1,0.6176066024759285,0.5833781505694836,0.6188158137331536,0.7502000516367308,0.0
no_augmentation,audio+vision,0.5,end,1,0.609353507565337,0.580627505003488,0.6129426560671501,0.7498162817730443,0.0
no_augmentation,audio+vision,0.5,middle,1,0.6203576341127923,0.5884102941964988,0.6225547464995587,0.7485343067557183,0.0
no_augmentation,audio+vision,0.5,random,3,0.6130215497478222,0.5839435705515896,0.6164993272985564,0.7491900681308293,0.0011699446221639196
no_augmentation,audio+vision,0.5,start,1,0.6038514442916093,0.5748698221341371,0.608140176682043,0.7514878562726237,0.0
no_augmentation,audio+vision,0.7,end,1,0.6066024759284732,0.5789717905362485,0.611622840577257,0.7520003323563256,0.0
no_augmentation,audio+vision,0.7,middle,1,0.6107290233837689,0.5842923484373418,0.6149631819670137,0.7529416432417979,0.0
no_augmentation,audio+vision,0.7,random,3,0.6088950022925264,0.5816398104451159,0.6135715291841936,0.7519643867816671,0.0015099355408505278
no_augmentation,audio+vision,0.7,start,1,0.6038514442916093,0.5768397577173808,0.6084359806504364,0.7550513646939193,0.0
no_augmentation,text,0.1,end,1,0.609353507565337,0.57594512732122,0.611165176906697,0.7544159101629524,0.0
no_augmentation,text,0.1,middle,1,0.6011004126547456,0.5669018406051866,0.6034144372266915,0.7437353635492604,0.0
no_augmentation,text,0.1,random,3,0.6148555708390647,0.5755816816569114,0.6146152532125951,0.7524354094706487,0.004697142282599575
no_augmentation,text,0.1,start,1,0.6217331499312242,0.5857630555136558,0.621591394148481,0.7519527458237778,0.0
no_augmentation,text,0.3,end,1,0.5914718019257221,0.5606422897169375,0.5957574067420432,0.7646698240795964,0.0
no_augmentation,text,0.3,middle,1,0.5832187070151307,0.5522166577493924,0.5889102126363085,0.7633649746717285,0.0
no_augmentation,text,0.3,random,3,0.5905547913801009,0.554395425646673,0.5926530691169235,0.768057508790258,0.002721685385557339
no_augmentation,text,0.3,start,1,0.5832187070151307,0.5335921379464691,0.578021711982217,0.7679696422130552,0.0
no_augmentation,text,0.5,end,1,0.546079779917469,0.5210125068111304,0.5558202936359983,0.7867051041216799,0.0
no_augmentation,text,0.5,middle,1,0.5845942228335625,0.5539121367883414,0.5914546941165059,0.7847422679866342,0.0
no_augmentation,text,0.5,random,3,0.5731315910132967,0.5421514298223044,0.5786417914048972,0.7877143939991776,0.0019336897274309373
no_augmentation,text,0.5,start,1,0.5900962861072903,0.550138948944682,0.5895362898425734,0.7867067719862784,0.0
no_augmentation,text,0.7,end,1,0.5075653370013755,0.4758363188659609,0.5146049170803952,0.8089430052601913,0.0
no_augmentation,text,0.7,middle,1,0.5447042640990372,0.5060011686733058,0.5512188297030903,0.8016123562619165,0.0
no_augmentation,text,0.7,random,3,0.5300320953690967,0.49246892986568463,0.5334001769046072,0.8121771077017311,0.0047914676082085545
no_augmentation,text,0.7,start,1,0.5557083906464925,0.5054216996901763,0.5525648074248596,0.8142271158292586,0.0
no_augmentation,text+audio,0.1,end,1,0.609353507565337,0.57594512732122,0.611165176906697,0.7547011990210327,0.0
no_augmentation,text+audio,0.1,middle,1,0.6038514442916093,0.5702654232424677,0.6063731081723795,0.7438229207718301,0.0
no_augmentation,text+audio,0.1,random,3,0.6130215497478222,0.5736339448030722,0.6127568292403854,0.7525002345965279,0.0047626516790667
no_augmentation,text+audio,0.1,start,1,0.6189821182943603,0.5832269597757608,0.619111279154073,0.752200153117973,0.0
no_augmentation,text+audio,0.3,end,1,0.5928473177441541,0.5643215289694606,0.5985839232127323,0.7662847752556684,0.0
no_augmentation,text+audio,0.3,middle,1,0.5735900962861072,0.5418351916594594,0.5799919213265146,0.7630823161836153,0.0
no_augmentation,text+audio,0.3,random,3,0.5896377808344796,0.556512158480457,0.5938386215958632,0.7686011335790536,0.0024073691953826128
no_augmentation,text+audio,0.3,start,1,0.5845942228335625,0.539425481606928,0.5825321671186553,0.7698442749852843,0.0
no_augmentation,text+audio,0.5,end,1,0.5295735900962861,0.5108306905728518,0.5431922770623134,0.7885815531660529,0.0
no_augmentation,text+audio,0.5,middle,1,0.5804676753782668,0.5517893046102121,0.5887157675748103,0.7848411867496499,0.0
no_augmentation,text+audio,0.5,random,3,0.5602934433745989,0.5318258491681762,0.5692396446434217,0.7886157151248225,0.0015166756127241773
no_augmentation,text+audio,0.5,start,1,0.579092159559835,0.5437085257850871,0.5820577520834399,0.7887504657458158,0.0
no_augmentation,text+audio,0.7,end,1,0.4965612104539202,0.47590912846865335,0.5077312382753011,0.8100694714931906,0.0
no_augmentation,text+audio,0.7,middle,1,0.5447042640990372,0.5096964181080366,0.5539727436797699,0.8041624320020329,0.0
no_augmentation,text+audio,0.7,random,3,0.5061898211829435,0.47627606192470706,0.5140596908681644,0.813544547240804,0.004416088417872698
no_augmentation,text+audio,0.7,start,1,0.5350756533700137,0.49293031465032655,0.5377430972660712,0.8178221710424515,0.0
no_augmentation,text+audio+vision,0.1,end,1,0.6121045392022009,0.5790380429460141,0.6140840657619835,0.7549861801884954,0.0
no_augmentation,text+audio+vision,0.1,middle,1,0.6011004126547456,0.5691847660551533,0.604074408473572,0.7439713659214122,0.0
no_augmentation,text+audio+vision,0.1,random,3,0.6176066024759285,0.57883820838545,0.6177378331943418,0.7529112885004001,0.004557794223036356
no_augmentation,text+audio+vision,0.1,start,1,0.6162310866574966,0.5808966272807217,0.6162003318452534,0.7521309320212762,0.0
no_augmentation,text+audio+vision,0.3,end,1,0.5969738651994498,0.5702172199266283,0.6032780603335387,0.7679096236755526,0.0
no_augmentation,text+audio+vision,0.3,middle,1,0.5680880330123796,0.5401457539777196,0.5762938612724858,0.7639734412759304,0.0
no_augmentation,text+audio+vision,0.3,random,3,0.5864282439248051,0.556140474307176,0.5922379256129756,0.7702275297292673,0.0017589629947605463
no_augmentation,text+audio+vision,0.3,start,1,0.5887207702888583,0.545966036280031,0.5872015070005105,0.7734940947780305,0.0
no_augmentation,text+audio+vision,0.5,end,1,0.5075653370013755,0.4959804466685201,0.5242256366014931,0.7927025289263313,0.0
no_augmentation,text+audio+vision,0.5,middle,1,0.5680880330123796,0.5449221062888501,0.5784538667511989,0.7895938119209791,0.0
no_augmentation,text+audio+vision,0.5,random,3,0.547455295735901,0.5254743851409011,0.5582247120223968,0.7941934032708379,0.001798630671188221
no_augmentation,text+audio+vision,0.5,start,1,0.562585969738652,0.5324359300910212,0.5683710793891611,0.7962888916845481,0.0
no_augmentation,text+audio+vision,0.7,end,1,0.45392022008253097,0.43098719777839084,0.4640550159692309,0.8195610754729576,0.0
no_augmentation,text+audio+vision,0.7,middle,1,0.515818431911967,0.4860794382483464,0.5261772562749233,0.8141134881758869,0.0
no_augmentation,text+audio+vision,0.7,random,3,0.48418156808803303,0.4599381412153904,0.49466347708223496,0.8245550461094879,0.007011153825569707
no_augmentation,text+audio+vision,0.7,start,1,0.5144429160935351,0.48349769559174166,0.5223487455308128,0.8310690248696676,0.0
no_augmentation,text+vision,0.1,end,1,0.6107290233837689,0.5779204028879598,0.6127291062877875,0.7547034661165839,0.0
no_augmentation,text+vision,0.1,middle,1,0.6024759284731774,0.5700248261223871,0.6053914214077936,0.7438773747455601,0.0
no_augmentation,text+vision,0.1,random,3,0.6134800550206329,0.5747861753009129,0.613482315391428,0.7528268824446078,0.004485894375177006
no_augmentation,text+vision,0.1,start,1,0.6203576341127923,0.5847619336765502,0.6200299170330443,0.7518835247270813,0.0
no_augmentation,text+vision,0.3,end,1,0.5914718019257221,0.5636208040288692,0.5968875290482717,0.7661894673212215,0.0
no_augmentation,text+vision,0.3,middle,1,0.5763411279229711,0.5479817775203951,0.583576367647483,0.7639874927657913,0.0
no_augmentation,text+vision,0.3,random,3,0.5855112333791839,0.5515224110681789,0.5891415360281099,0.7697581441552254,0.002057444448780704
no_augmentation,text+vision,0.3,start,1,0.5914718019257221,0.5453992770204649,0.5880098498210707,0.7715273161818978,0.0
no_augmentation,text+vision,0.5,end,1,0.5295735900962861,0.5110466808826941,0.5429305867386278,0.7902568779703106,0.0
no_augmentation,text+vision,0.5,middle,1,0.5777166437414031,0.5532076361077,0.5852669723323188,0.7887454106076797,0.0
no_augmentation,text+vision,0.5,random,3,0.5566254011921138,0.5316467987163432,0.5646437395472991,0.7931220905038998,0.0022683160084063085
no_augmentation,text+vision,0.5,start,1,0.5694635488308115,0.5342770369629269,0.571636524837804,0.793666541776439,0.0
no_augmentation,text+vision,0.7,end,1,0.49105914718019256,0.4597806771239286,0.49777123508859994,0.8171720189786834,0.0
no_augmentation,text+vision,0.7,middle,1,0.5419532324621733,0.5104733564398921,0.5501088123603509,0.8110428522196341,0.0
no_augmentation,text+vision,0.7,random,3,0.509399358092618,0.4776276586693764,0.5155582447328364,0.822705408390593,0.007010087173028135
no_augmentation,text+vision,0.7,start,1,0.5364511691884457,0.5002960889336792,0.5386013298834925,0.8271235044897162,0.0
no_augmentation,vision,0.1,end,1,0.6217331499312242,0.5849156639796032,0.6215084290931737,0.7451927969614596,0.0
no_augmentation,vision,0.1,middle,1,0.6231086657496562,0.5859239585686554,0.6230612116487632,0.745111940387247,0.0
no_augmentation,vision,0.1,random,3,0.6198991288399817,0.5827495311887197,0.619576585400185,0.7452641496895414,0.00019168413149860212
no_augmentation,vision,0.1,start,1,0.6217331499312242,0.5849156639796032,0.6215084290931737,0.744849598948034,0.0
no_augmentation,vision,0.3,end,1,0.6217331499312242,0.5881198884610767,0.6230280800135362,0.7453591875850036,0.0
no_augmentation,vision,0.3,middle,1,0.6258596973865199,0.5895535585868358,0.6261181333968393,0.745433262953593,0.0
no_augmentation,vision,0.3,random,3,0.620816139385603,0.5840115929492581,0.6208376317136511,0.7460074359384695,0.0006410762838222983
no_augmentation,vision,0.3,start,1,0.6162310866574966,0.5794454079612313,0.6160861594520832,0.7485410413459703,0.0
no_augmentation,vision,0.5,end,1,0.6176066024759285,0.5832630426192907,0.6194010436721051,0.7473946325256442,0.0
no_augmentation,vision,0.5,middle,1,0.6286107290233838,0.594197249641441,0.6293504289801991,0.7478804596104366,0.0
no_augmentation,vision,0.5,random,3,0.6143970655662541,0.5800590310465458,0.6160048265405248,0.7482095412114352,0.0010925058279570286
no_augmentation,vision,0.5,start,1,0.6148555708390646,0.5790277531331532,0.6161602430232526,0.7495750113797639,0.0
no_augmentation,vision,0.7,end,1,0.6203576341127923,0.5899995122123888,0.6233342729379973,0.7493594378560098,0.0
no_augmentation,vision,0.7,middle,1,0.6176066024759285,0.585842980219332,0.6197196961872684,0.7505986480938636,0.0
no_augmentation,vision,0.7,random,3,0.6176066024759285,0.5864572054295439,0.6204882342682216,0.750245412719254,0.0012576120370454934
no_augmentation,vision,0.7,start,1,0.6176066024759285,0.5845962007232717,0.6202315590565436,0.7518996609852654,0.0
no_reliability,audio,0.1,end,1,0.6121045392022009,0.5704567088708976,0.609819552606064,0.7459705350939727,0.0
no_reliability,audio,0.1,middle,1,0.6121045392022009,0.570145074652117,0.6095945099447821,0.7458133068856191,0.0
no_reliability,audio,0.1,random,3,0.6134800550206326,0.572108562283089,0.6112438401593879,0.7457229792436618,0.0002283794407577683
no_reliability,audio,0.1,start,1,0.609353507565337,0.5684145647812339,0.6070818027046606,0.7460148387272264,0.0
no_reliability,audio,0.3,end,1,0.6121045392022009,0.572323352868007,0.6102139714021417,0.7472051589691557,0.0
no_reliability,audio,0.3,middle,1,0.6066024759284732,0.5657203877023889,0.6046746280973962,0.7451364414082314,0.0
no_reliability,audio,0.3,random,3,0.6111875286565797,0.5697051668098415,0.6091374144595685,0.7458991224528221,0.0007043945095350254
no_reliability,audio,0.3,start,1,0.6121045392022009,0.5702924990535343,0.6098870800357725,0.7471981228524667,0.0
no_reliability,audio,0.5,end,1,0.6066024759284732,0.5700632365597509,0.6061561343719163,0.7464871183563367,0.0
no_reliability,audio,0.5,middle,1,0.6189821182943603,0.5801289253324776,0.6179302057054223,0.7448134026585975,0.0
no_reliability,audio,0.5,random,3,0.6102705181109583,0.5730218848775848,0.6103924147939819,0.7455606440164987,0.0014290103113791866
no_reliability,audio,0.5,start,1,0.6079779917469051,0.5710305989630499,0.6081289872761424,0.7471176729906834,0.0
no_reliability,audio,0.7,end,1,0.6121045392022009,0.5757712029502677,0.6124606403720995,0.7455989798872631,0.0
no_reliability,audio,0.7,middle,1,0.6038514442916093,0.5698262305670733,0.6049974953787086,0.74599374751686,0.0
no_reliability,audio,0.7,random,3,0.6066024759284732,0.5705885625031452,0.6077929826684081,0.7449898736384112,0.002662404559354854
no_reliability,audio,0.7,start,1,0.6024759284731774,0.5686293246395548,0.6043737003664111,0.7477154106992847,0.0
no_reliability,audio+vision,0.1,end,1,0.609353507565337,0.5676724067175216,0.6073164992070048,0.7462428972645151,0.0
no_reliability,audio+vision,0.1,middle,1,0.6134800550206327,0.5719306760825057,0.6114406210839743,0.7459086298008744,0.0
no_reliability,audio+vision,0.1,random,3,0.6111875286565795,0.5701149749087472,0.6090139784975034,0.7459264149052771,0.00022430037877143902
no_reliability,audio+vision,0.1,start,1,0.6121045392022009,0.5704677976059338,0.6094551727001173,0.746033467670089,0.0
no_reliability,audio+vision,0.3,end,1,0.609353507565337,0.5719070368444311,0.6090921835884678,0.7462584082245607,0.0
no_reliability,audio+vision,0.3,middle,1,0.6107290233837689,0.5659790229301255,0.6073836568951048,0.7450019876522557,0.0
no_reliability,audio+vision,0.3,random,3,0.6116460339293902,0.5717975551235165,0.6103752708039368,0.745798675612662,0.001389143813735003
no_reliability,audio+vision,0.3,start,1,0.6038514442916093,0.5644245319017355,0.6029475954336835,0.7505010905788391,0.0
no_reliability,audio+vision,0.5,end,1,0.6038514442916093,0.5687072704709953,0.6050413313125433,0.7475516958704542,0.0
no_reliability,audio+vision,0.5,middle,1,0.6121045392022009,0.572376779694316,0.6105361726552696,0.7452289830714428,0.0
no_reliability,audio+vision,0.5,random,3,0.6020174232003668,0.5686335807579657,0.6039974209332026,0.7467954732777522,0.002086484009949043
no_reliability,audio+vision,0.5,start,1,0.6107290233837689,0.5764711729283781,0.6120713926864896,0.7510054334611242,0.0
no_reliability,audio+vision,0.7,end,1,0.6024759284731774,0.5722503930670225,0.6054388254211183,0.7479770871350176,0.0
no_reliability,audio+vision,0.7,middle,1,0.6121045392022009,0.5819150827071967,0.61410087316975,0.7479540742337285,0.0
no_reliability,audio+vision,0.7,random,3,0.5969738651994497,0.5695708385749504,0.601394387597331,0.7478785153627875,0.003054479979170309
no_reliability,audio+vision,0.7,start,1,0.594222833562586,0.5664750843558791,0.598416637211649,0.7546721684650397,0.0
no_reliability,text,0.1,end,1,0.5969738651994498,0.5570038004399701,0.5957957265192967,0.7549717929968454,0.0
no_reliability,text,0.1,middle,1,0.6011004126547456,0.5615624273117827,0.600663746530373,0.7430190752094551,0.0
no_reliability,text,0.1,random,3,0.6098120128381477,0.5685453228688464,0.6080540433393935,0.7519158017771028,0.004983132392036544
no_reliability,text,0.1,start,1,0.6121045392022009,0.5741591126606059,0.6105526273213816,0.7510469642570751,0.0
no_reliability,text,0.3,end,1,0.5997248968363136,0.5688067958135411,0.6025218674827596,0.7632865143789537,0.0
no_reliability,text,0.3,middle,1,0.5653370013755158,0.5333883617760303,0.5693258309037047,0.7624894953713504,0.0
no_reliability,text,0.3,random,3,0.5960568546538285,0.558130505700733,0.5959625073041767,0.7653124059225013,0.0035379254823826286
no_reliability,text,0.3,start,1,0.5969738651994498,0.5463828275038183,0.5910657492567515,0.764990701470169,0.0
no_reliability,text,0.5,end,1,0.5502063273727648,0.5231147246889375,0.5585560674323721,0.7815436819481204,0.0
no_reliability,text,0.5,middle,1,0.5763411279229711,0.5440935074534868,0.5809575124865429,0.77843883970356,0.0
no_reliability,text,0.5,random,3,0.5607519486474094,0.5303605720271422,0.5661240313716632,0.7818680351500583,0.002787154243625226
no_reliability,text,0.5,start,1,0.5653370013755158,0.5267299705053436,0.5658470324842931,0.7796437945923828,0.0
no_reliability,text,0.7,end,1,0.5130674002751031,0.49175995319470345,0.5259000784063997,0.805791222765239,0.0
no_reliability,text,0.7,middle,1,0.5529573590096286,0.5285398546965884,0.5633990481128742,0.7862987489563068,0.0
no_reliability,text,0.7,random,3,0.5231545162769372,0.49854334818793417,0.5325071274383757,0.8047642311983516,0.010536115937861726
no_reliability,text,0.7,start,1,0.5378266850068776,0.5020966165462976,0.5420723740405746,0.8058442636592139,0.0
no_reliability,text+audio,0.1,end,1,0.5955983493810179,0.5559883021567708,0.5946052018260634,0.7551821362092823,0.0
no_reliability,text+audio,0.1,middle,1,0.6011004126547456,0.5613012089469921,0.6006313909705895,0.742897018511902,0.0
no_reliability,text+audio,0.1,random,3,0.6102705181109583,0.5691604489949034,0.6086689616836486,0.7518085761588225,0.004989709715784361
no_reliability,text+audio,0.1,start,1,0.6134800550206327,0.5762603499762119,0.6122011469752335,0.7512756542679373,0.0
no_reliability,text+audio,0.3,end,1,0.594222833562586,0.5627225032876483,0.5971362666126162,0.7647140227807486,0.0
no_reliability,text+audio,0.3,middle,1,0.5749656121045392,0.5462148448425449,0.579370258281359,0.7611785558241595,0.0
no_reliability,text+audio,0.3,random,3,0.5965153599266392,0.5592288341014546,0.5971376168875054,0.7652176545812504,0.0030192781883411793
no_reliability,text+audio,0.3,start,1,0.5983493810178817,0.551835598753633,0.5935647193929227,0.7665446094852136,0.0
no_reliability,text+audio,0.5,end,1,0.5405777166437414,0.5165060023922788,0.5517647075035959,0.7830934791345114,0.0
no_reliability,text+audio,0.5,middle,1,0.5777166437414031,0.5470090969863456,0.5829500280546792,0.776899551586246,0.0
no_reliability,text+audio,0.5,random,3,0.5621274644658414,0.5346270963271113,0.5686963689071537,0.7812662504227866,0.001694459664083891
no_reliability,text+audio,0.5,start,1,0.5570839064649243,0.5232664457535591,0.5598637297344383,0.7811349550998131,0.0
no_reliability,text+audio,0.7,end,1,0.4965612104539202,0.48163105871245565,0.5129724272148333,0.8050080675974107,0.0
no_reliability,text+audio,0.7,middle,1,0.546079779917469,0.5243077040620417,0.5596797056882413,0.7868961363052874,0.0
no_reliability,text+audio,0.7,random,3,0.5130674002751032,0.4937220434537147,0.5258043891902372,0.8035492934984734,0.008390365129906922
no_reliability,text+audio,0.7,start,1,0.5337001375515819,0.5067337756004344,0.5426666568425212,0.8086801978538533,0.0
no_reliability,text+audio+vision,0.1,end,1,0.5955983493810179,0.5549926285609733,0.5943124065881448,0.7554630950511805,0.0
no_reliability,text+audio+vision,0.1,middle,1,0.6024759284731774,0.5644116144631109,0.6026807815983793,0.7429191896768123,0.0
no_reliability,text+audio+vision,0.1,random,3,0.6107290233837689,0.5698371932694919,0.6090433798474871,0.7519652199942243,0.004816508641792489
no_reliability,text+audio+vision,0.1,start,1,0.6134800550206327,0.5760233918128654,0.6125116331286322,0.7513138807635362,0.0
no_reliability,text+audio+vision,0.3,end,1,0.5914718019257221,0.5615328428671784,0.5950402845694824,0.7647165787434866,0.0
no_reliability,text+audio+vision,0.3,middle,1,0.5749656121045392,0.5442593097192336,0.5788389712591603,0.7617925055133369,0.0
no_reliability,text+audio+vision,0.3,random,3,0.5928473177441541,0.5566929335540863,0.5942475967425865,0.765290921390025,0.0018875283573451674
no_reliability,text+audio+vision,0.3,start,1,0.5914718019257221,0.5472968758750961,0.5878092670380469,0.7695374398123729,0.0
no_reliability,text+audio+vision,0.5,end,1,0.5281980742778541,0.5084247357597759,0.5418943331111699,0.7846442474035014,0.0
no_reliability,text+audio+vision,0.5,middle,1,0.5777166437414031,0.5481585146493064,0.583671886554562,0.7780934280492882,0.0
no_reliability,text+audio+vision,0.5,random,3,0.5547913801008711,0.5307830459076059,0.5631814795802194,0.7830536976503791,0.0025873222264650338
no_reliability,text+audio+vision,0.5,start,1,0.5584594222833562,0.5290911966128635,0.562838911711887,0.7845805728098431,0.0
no_reliability,text+audio+vision,0.7,end,1,0.4828060522696011,0.473562204965634,0.499748790845398,0.8097976863856468,0.0
no_reliability,text+audio+vision,0.7,middle,1,0.5392022008253095,0.5231717180799446,0.5552873737079549,0.7917810371102174,0.0
no_reliability,text+audio+vision,0.7,random,3,0.4951856946354883,0.4830793333468477,0.5104985823259595,0.8098014689560354,0.009976708238474746
no_reliability,text+audio+vision,0.7,start,1,0.5185694635488308,0.49892734417057844,0.5305202280840372,0.8198669399550396,0.0
no_reliability,text+vision,0.1,end,1,0.5955983493810179,0.5559883021567708,0.5946052018260634,0.7552520184799207,0.0
no_reliability,text+vision,0.1,middle,1,0.6052269601100413,0.5668027748507201,0.6052475541956615,0.7430412463743655,0.0
no_reliability,text+vision,0.1,random,3,0.6111875286565795,0.5703881209040169,0.6095681789102266,0.7520770639012944,0.004811262737359783
no_reliability,text+vision,0.1,start,1,0.6121045392022009,0.5740226697890193,0.6106477024547031,0.7510900743495258,0.0
no_reliability,text+vision,0.3,end,1,0.5955983493810179,0.5634266803514759,0.5984638203340539,0.7633154184077725,0.0
no_reliability,text+vision,0.3,middle,1,0.5708390646492435,0.5381979638627384,0.5748155517727028,0.7629766858810494,0.0
no_reliability,text+vision,0.3,random,3,0.5951398441082073,0.5584009402294053,0.5955536530443083,0.7653463997565333,0.002470749821763948
no_reliability,text+vision,0.3,start,1,0.5928473177441541,0.5457813215856735,0.5878310639328517,0.7678679253428854,0.0
no_reliability,text+vision,0.5,end,1,0.5350756533700137,0.5125341645738283,0.5466374087731211,0.7828421487615712,0.0
no_reliability,text+vision,0.5,middle,1,0.5763411279229711,0.545911205973346,0.5811648413783281,0.7792614845911344,0.0
no_reliability,text+vision,0.5,random,3,0.5497478220999541,0.524046962792449,0.5571752685419482,0.7835539950623711,0.0032592923346388154
no_reliability,text+vision,0.5,start,1,0.5653370013755158,0.5311899792322633,0.566795827480172,0.782214841973208,0.0
no_reliability,text+vision,0.7,end,1,0.49793672627235214,0.4838174251000548,0.5130414873788748,0.8087486179596302,0.0
no_reliability,text+vision,0.7,middle,1,0.5447042640990372,0.5249387522637846,0.5592741864766355,0.7890822179983955,0.0
no_reliability,text+vision,0.7,random,3,0.5126088950022926,0.49392771840994126,0.5250715455961324,0.8096097968536511,0.01181931050946268
no_reliability,text+vision,0.7,start,1,0.5213204951856947,0.4947307538986774,0.5304675012161522,0.814883957367859,0.0
no_reliability,vision,0.1,end,1,0.6121045392022009,0.5706960131285176,0.609838716316146,0.7461047779330701,0.0
no_reliability,vision,0.1,middle,1,0.6162310866574966,0.575046489827975,0.6137492910453263,0.7459361898866401,0.0
no_reliability,vision,0.1,random,3,0.6116460339293902,0.5698321181879957,0.6090082970732918,0.7460432589344762,0.0003303567986114403
no_reliability,vision,0.1,start,1,0.6162310866574966,0.5737746733665442,0.613393514718493,0.7458518802422696,0.0
no_reliability,vision,0.3,end,1,0.6107290233837689,0.5720868198753829,0.6097429198774438,0.7447216835088689,0.0
no_reliability,vision,0.3,middle,1,0.6134800550206327,0.5731237611549226,0.6116556614518669,0.7456429689656537,0.0
no_reliability,vision,0.3,random,3,0.6130215497478221,0.5723899945239007,0.6107873707458551,0.7458286584303463,0.0009467336302196218
no_reliability,vision,0.3,start,1,0.6121045392022009,0.5699680592267101,0.6097107860683807,0.7489732549112741,0.0
no_reliability,vision,0.5,end,1,0.6148555708390646,0.5761084894154157,0.6141845504058371,0.7458056787703279,0.0
no_reliability,vision,0.5,middle,1,0.6148555708390646,0.5755705034224269,0.612736113345439,0.7462308818918258,0.0
no_reliability,vision,0.5,random,3,0.6107290233837689,0.5728413181581136,0.6097723542871832,0.7469918134550456,0.0018165298908703702
no_reliability,vision,0.5,start,1,0.6066024759284732,0.5707182391616484,0.6067529967616404,0.7491881828074527,0.0
no_reliability,vision,0.7,end,1,0.6079779917469051,0.5750233324278958,0.6086897591742226,0.7460107633528267,0.0
no_reliability,vision,0.7,middle,1,0.6162310866574966,0.5825180261956778,0.6163827501961441,0.7471513987106145,0.0
no_reliability,vision,0.7,random,3,0.6015589179275562,0.5688845989956879,0.6023557069719313,0.7473465866677178,0.001961678157341025
no_reliability,vision,0.7,start,1,0.6107290233837689,0.5757661047193342,0.610857920321408,0.7511896777862979,0.0
no_semantics,audio,0.1,end,1,0.579092159559835,0.5223254220998769,0.5678974144435831,0.7821322078706807,0.0
no_semantics,audio,0.1,middle,1,0.5804676753782668,0.5226048695773076,0.5685064783742853,0.7814766156498966,0.0
no_semantics,audio,0.1,random,3,0.5818431911966987,0.5253590490913078,0.5704569616328947,0.7817420530141889,0.00019279349246909902
no_semantics,audio,0.1,start,1,0.5804676753782668,0.5240119489378432,0.5690689214262943,0.7819723744516146,0.0
no_semantics,audio,0.3,end,1,0.5722145804676754,0.5174097932718622,0.5626848289657187,0.7831020923047488,0.0
no_semantics,audio,0.3,middle,1,0.5804676753782668,0.525955310196893,0.5704628828269128,0.78114208868706,0.0
no_semantics,audio,0.3,random,3,0.5813846859238881,0.5278383968466529,0.5721366725778397,0.7819983230858988,0.00041822560558287805
no_semantics,audio,0.3,start,1,0.5763411279229711,0.5245032593643395,0.5685119377462364,0.7837784593254473,0.0
no_semantics,audio,0.5,end,1,0.5777166437414031,0.5293519561429427,0.5716113176701664,0.7828335250561673,0.0
no_semantics,audio,0.5,middle,1,0.5832187070151307,0.529321537202433,0.5739642807446419,0.7822945061760981,0.0
no_semantics,audio,0.5,random,3,0.5795506648326456,0.5304883934360412,0.5731735894415341,0.782146372742082,0.00041512827284774495
no_semantics,audio,0.5,start,1,0.579092159559835,0.5334207015644958,0.5748240581718453,0.7834631475636974,0.0
no_semantics,audio,0.7,end,1,0.5708390646492435,0.5250645864248894,0.566510535330173,0.7824177921709776,0.0
no_semantics,audio,0.7,middle,1,0.5777166437414031,0.5312372352472838,0.572569379297067,0.7832454392318732,0.0
no_semantics,audio,0.7,random,3,0.5772581384685923,0.5330188256435987,0.5733846271990011,0.7826846447660855,0.0010299903053732488
no_semantics,audio,0.7,start,1,0.5749656121045392,0.5329427482063257,0.5726030087695259,0.7843907607246936,0.0
no_semantics,audio+vision,0.1,end,1,0.5777166437414031,0.5221562655310322,0.5666366654011349,0.7826267202712702,0.0
no_semantics,audio+vision,0.1,middle,1,0.5832187070151307,0.5260903137363213,0.5716963753496812,0.7818244091774385,0.0
no_semantics,audio+vision,0.1,random,3,0.5809261806510775,0.525331526244132,0.5699417141730758,0.7823265778177806,0.00023883878160856607
no_semantics,audio+vision,0.1,start,1,0.5832187070151307,0.5272304786464829,0.5720570354855873,0.7819753224168997,0.0
no_semantics,audio+vision,0.3,end,1,0.5694635488308115,0.5212258741162968,0.5635905661066088,0.7838640576514099,0.0
no_semantics,audio+vision,0.3,middle,1,0.5845942228335625,0.5324619705280479,0.5757230419185453,0.7808233661274443,0.0
no_semantics,audio+vision,0.3,random,3,0.5823016964695094,0.5346256694767492,0.5756740802743572,0.7836437259390193,0.0018570572313561268
no_semantics,audio+vision,0.3,start,1,0.5653370013755158,0.5169078269648972,0.5588062374176477,0.7873409353839977,0.0
no_semantics,audio+vision,0.5,end,1,0.5667125171939478,0.5257777575765346,0.5638197231029313,0.7858821041161775,0.0
no_semantics,audio+vision,0.5,middle,1,0.579092159559835,0.5325196924901509,0.5730807933934969,0.786304366501656,0.0
no_semantics,audio+vision,0.5,random,3,0.5671710224667584,0.5272389474510878,0.5651242668049422,0.7864182129600356,0.0010474242404201637
no_semantics,audio+vision,0.5,start,1,0.5612104539202201,0.5243149748063818,0.5610218488585103,0.7902463391973242,0.0
no_semantics,audio+vision,0.7,end,1,0.5584594222833562,0.52164922709149,0.5607180571851754,0.7891002912201791,0.0
no_semantics,audio+vision,0.7,middle,1,0.5722145804676754,0.5353710144002913,0.5715721781008032,0.7908402755767732,0.0
no_semantics,audio+vision,0.7,random,3,0.5598349381017882,0.52559009510138,0.5628630957268861,0.7910006445635406,0.0033121143629925368
no_semantics,audio+vision,0.7,start,1,0.5543328748280605,0.5258239009054934,0.5593909920974457,0.7957138405291023,0.0
no_semantics,text,0.1,end,1,0.5735900962861072,0.5204887232191912,0.5657151112039062,0.7882173286869374,0.0
no_semantics,text,0.1,middle,1,0.594222833562586,0.5464727366546915,0.586997960046471,0.7820606194354874,0.0
no_semantics,text,0.1,random,3,0.5818431911966987,0.530079034237635,0.5732113100628538,0.7850009866231148,0.0027254047653137007
no_semantics,text,0.1,start,1,0.5735900962861072,0.522432287172471,0.5654997515146032,0.785848682143226,0.0
no_semantics,text,0.3,end,1,0.5845942228335625,0.5397197610183416,0.5814203565120323,0.7987935534908784,0.0
no_semantics,text,0.3,middle,1,0.5983493810178817,0.5511426886643142,0.5928823515055838,0.7900617576166907,0.0
no_semantics,text,0.3,random,3,0.577716643741403,0.5322226944702616,0.5728054306698049,0.7966036532521891,0.0035197433527697935
no_semantics,text,0.3,start,1,0.5722145804676754,0.5226363210502941,0.5656639573396427,0.7984318358335933,0.0
no_semantics,text,0.5,end,1,0.562585969738652,0.5207065969921579,0.5628606001169374,0.8093684444086362,0.0
no_semantics,text,0.5,middle,1,0.579092159559835,0.5323056685986763,0.5748734700164183,0.8083841984406304,0.0
no_semantics,text,0.5,random,3,0.572673085740486,0.5322673272222879,0.5709300355347741,0.809919188611822,0.003899936212344946
no_semantics,text,0.5,start,1,0.5708390646492435,0.5271704411111942,0.5680347955586954,0.8097408222953952,0.0
no_semantics,text,0.7,end,1,0.5433287482806052,0.5032072250464893,0.544458993241637,0.821686067134856,0.0
no_semantics,text,0.7,middle,1,0.5515818431911967,0.5094323972724965,0.5514788975891523,0.8194897135713931,0.0
no_semantics,text,0.7,random,3,0.5341586428243925,0.49417895785327454,0.5348657873928765,0.8240056129153128,0.001424391418801223
no_semantics,text,0.7,start,1,0.5213204951856947,0.47909850078524774,0.5208127124933276,0.8260652124196005,0.0
no_semantics,text+audio,0.1,end,1,0.5749656121045392,0.5217857421243653,0.5668191617981425,0.7885700445700017,0.0
no_semantics,text+audio,0.1,middle,1,0.5955983493810179,0.5487002946554246,0.588703677081405,0.781933700611574,0.0
no_semantics,text+audio,0.1,random,3,0.5845942228335625,0.5343925536749472,0.5763646207473058,0.7850457255162392,0.0027454378209922385
no_semantics,text+audio,0.1,start,1,0.5735900962861072,0.5237103247877396,0.5660845953494653,0.7861020140707574,0.0
no_semantics,text+audio,0.3,end,1,0.5763411279229711,0.5349450960206634,0.5751557890614646,0.8004854791133249,0.0
no_semantics,text+audio,0.3,middle,1,0.5983493810178817,0.5521204202168738,0.5935512907050476,0.7893566909038905,0.0
no_semantics,text+audio,0.3,random,3,0.5722145804676754,0.5298788319889409,0.5694756964974834,0.7968333544613403,0.0029574620868201198
no_semantics,text+audio,0.3,start,1,0.5612104539202201,0.512898351750449,0.5564772829090492,0.8009605081229174,0.0
no_semantics,text+audio,0.5,end,1,0.5447042640990372,0.506787950271586,0.548522359427019,0.8113754063283832,0.0
no_semantics,text+audio,0.5,middle,1,0.5653370013755158,0.5235159443005457,0.5642984071151377,0.8090689974459652,0.0
no_semantics,text+audio,0.5,random,3,0.5621274644658414,0.5286184669441718,0.5642442971240299,0.8104806873357259,0.003650985467085319
no_semantics,text+audio,0.5,start,1,0.5392022008253095,0.5064201694166767,0.5441241121809935,0.8123863151300903,0.0
no_semantics,text+audio,0.7,end,1,0.5103163686382394,0.4796314887015982,0.5173843591373224,0.8233130607063566,0.0
no_semantics,text+audio,0.7,middle,1,0.5378266850068776,0.503563801758327,0.5451283213927024,0.8220026086127589,0.0
no_semantics,text+audio,0.7,random,3,0.5029802842732691,0.47164556652681133,0.5092249292110348,0.8254364994281884,0.0018543206837471635
no_semantics,text+audio,0.7,start,1,0.49105914718019256,0.45665788210647085,0.4967591533748934,0.8302961126382106,0.0
no_semantics,text+audio+vision,0.1,end,1,0.579092159559835,0.5275735536704942,0.5715237751386109,0.7890454083935972,0.0
no_semantics,text+audio+vision,0.1,middle,1,0.5969738651994498,0.5510837039940552,0.590352769615782,0.7823361577482346,0.0
no_semantics,text+audio+vision,0.1,random,3,0.5823016964695094,0.5319875430443889,0.5742103133385944,0.7857084702337366,0.0025453105383399896
no_semantics,text+audio+vision,0.1,start,1,0.5694635488308115,0.518707366709274,0.5619132896015409,0.7861526526325209,0.0
no_semantics,text+audio+vision,0.3,end,1,0.5680880330123796,0.5336059523248821,0.5697299245214735,0.8018939949172291,0.0
no_semantics,text+audio+vision,0.3,middle,1,0.5969738651994498,0.5548656024461112,0.5948184422291608,0.7897724349233054,0.0
no_semantics,text+audio+vision,0.3,random,3,0.5680880330123795,0.5283364802049815,0.5670680640621225,0.7991908287267978,0.0018983703301204996
no_semantics,text+audio+vision,0.3,start,1,0.5488308115543329,0.5095232307571297,0.5496772518527328,0.8051532226489005,0.0
no_semantics,text+audio+vision,0.5,end,1,0.5226960110041265,0.4930713527226333,0.5324314299361951,0.8174108805641445,0.0
no_semantics,text+audio+vision,0.5,middle,1,0.5557083906464925,0.5170313008601282,0.5584761478619922,0.8152962640664831,0.0
no_semantics,text+audio+vision,0.5,random,3,0.5369096744612563,0.5117854262902206,0.5455723249811723,0.8170025099316147,0.0025851730719133104
no_semantics,text+audio+vision,0.5,start,1,0.5061898211829436,0.48475068404639493,0.5184628888209466,0.8203545929765934,0.0
no_semantics,text+audio+vision,0.7,end,1,0.4484181568088033,0.4337340114039143,0.4670627467732207,0.8343020103456985,0.0
no_semantics,text+audio+vision,0.7,middle,1,0.48418156808803303,0.4646081801839303,0.4959790724986436,0.8337527017615309,0.0
no_semantics,text+audio+vision,0.7,random,3,0.4328289775332417,0.4176274493666579,0.4476499578465725,0.8379359786560587,0.002753111369834045
no_semantics,text+audio+vision,0.7,start,1,0.42090784044016505,0.39968277136898406,0.42884305713630727,0.8448416370856465,0.0
no_semantics,text+vision,0.1,end,1,0.5749656121045392,0.5217857421243653,0.5668191617981425,0.7886888758159619,0.0
no_semantics,text+vision,0.1,middle,1,0.5955983493810179,0.549188796707507,0.5884548042962785,0.7824887631438444,0.0
no_semantics,text+vision,0.1,random,3,0.5823016964695094,0.531757097869631,0.5740545479043374,0.7856506835063316,0.002550812739002661
no_semantics,text+vision,0.1,start,1,0.5708390646492435,0.5197429492151945,0.5631753989503568,0.7858883958210607,0.0
no_semantics,text+vision,0.3,end,1,0.5722145804676754,0.5318022989610306,0.5721268705477178,0.8002410964185825,0.0
no_semantics,text+vision,0.3,middle,1,0.6011004126547456,0.5553629100678347,0.5965585960471143,0.7902597595360669,0.0
no_semantics,text+vision,0.3,random,3,0.5699220541036222,0.5276952369468296,0.5678029937955581,0.7988880436677839,0.0023795406013981824
no_semantics,text+vision,0.3,start,1,0.5543328748280605,0.5073518435587401,0.5507427046226079,0.8024851056906344,0.0
no_semantics,text+vision,0.5,end,1,0.5364511691884457,0.5017495522324457,0.5429318733649914,0.8147574046947407,0.0
no_semantics,text+vision,0.5,middle,1,0.5708390646492435,0.5302813455100812,0.5694216410911415,0.8136805124074392,0.0
no_semantics,text+vision,0.5,random,3,0.5515818431911966,0.51886041110127,0.5546039041892056,0.8158952050348584,0.002675444738313429
no_semantics,text+vision,0.5,start,1,0.5350756533700137,0.5009151310771207,0.5397880400200057,0.8172252587179875,0.0
no_semantics,text+vision,0.7,end,1,0.4855570839064649,0.45536015554331905,0.49550046620571103,0.8310376940712433,0.0
no_semantics,text+vision,0.7,middle,1,0.5226960110041265,0.4932168492748607,0.5277468923560191,0.8294073936811553,0.0
no_semantics,text+vision,0.7,random,3,0.4938101788170564,0.46232454152246577,0.501491595881686,0.8350101491125699,0.002190285811799303
no_semantics,text+vision,0.7,start,1,0.48830811554332876,0.45668944550686263,0.49501692230096933,0.8390799799148959,0.0
no_semantics,vision,0.1,end,1,0.5804676753782668,0.5241262433164771,0.5688973083978703,0.7822319532397657,0.0
no_semantics,vision,0.1,middle,1,0.5832187070151307,0.5261365502260779,0.5718181007821898,0.7820561338558093,0.0
no_semantics,vision,0.1,random,3,0.5809261806510775,0.5251396353304219,0.5698642983452431,0.7823204162813481,0.00037713976144204795
no_semantics,vision,0.1,start,1,0.5818431911966988,0.5242908432255357,0.5701512506555487,0.7817369324228867,0.0
no_semantics,vision,0.3,end,1,0.579092159559835,0.5316752791467357,0.5720303815196286,0.7823764639631005,0.0
no_semantics,vision,0.3,middle,1,0.5859697386519945,0.5324964907389745,0.5762527354959553,0.7813328523935167,0.0
no_semantics,vision,0.3,random,3,0.5859697386519945,0.5346481101162759,0.5772204199999061,0.7833056079688548,0.0015350377415231644
no_semantics,vision,0.3,start,1,0.579092159559835,0.5266134174272331,0.5692900014689667,0.785110670533355,0.0
no_semantics,vision,0.5,end,1,0.5749656121045392,0.5309175252253836,0.5704002484261398,0.7840953481712617,0.0
no_semantics,vision,0.5,middle,1,0.5859697386519945,0.5342154150440347,0.5771369736119298,0.7848836601975397,0.0
no_semantics,vision,0.5,random,3,0.5795506648326456,0.5346317502479883,0.5739937857670815,0.785439086199232,0.0009580069511150517
no_semantics,vision,0.5,start,1,0.5749656121045392,0.5271819620140477,0.5678295097335253,0.7876724268286573,0.0
no_semantics,vision,0.7,end,1,0.5763411279229711,0.5376909614997532,0.5742983970152598,0.7866121837133665,0.0
no_semantics,vision,0.7,middle,1,0.5763411279229711,0.5317059365735782,0.5713650951235958,0.7874137181699009,0.0
no_semantics,vision,0.7,random,3,0.5745071068317286,0.5348734793520129,0.5720442942533478,0.7881208454562362,0.0026933682005981425
no_semantics,vision,0.7,start,1,0.5722145804676754,0.5319369569148459,0.5701274842441167,0.7910689723950861,0.0
text_only,audio,0.1,end,1,0.6162310866574966,0.5844921671913416,0.6176162836604299,0.7622025327393598,0.0
text_only,audio,0.1,middle,1,0.6162310866574966,0.5844921671913416,0.6176162836604299,0.7622025327393598,0.0
text_only,audio,0.1,random,3,0.6162310866574966,0.5844921671913416,0.6176162836604299,0.7622025327393599,1.3597399555105182e-16
text_only,audio,0.1,start,1,0.6162310866574966,0.5844921671913416,0.6176162836604299,0.7622025327393598,0.0
text_only,audio,0.3,end,1,0.6162310866574966,0.5844921671913416,0.6176162836604299,0.7622025327393598,0.0
text_only,audio,0.3,middle,1,0.6162310866574966,0.5844921671913416,0.6176162836604299,0.7622025327393598,0.0
text_only,audio,0.3,random,3,0.6162310866574966,0.5844921671913416,0.6176162836604299,0.7622025327393599,1.3597399555105182e-16
text_only,audio,0.3,start,1,0.6162310866574966,0.5844921671913416,0.6176162836604299,0.7622025327393598,0.0
text_only,audio,0.5,end,1,0.6162310866574966,0.5844921671913416,0.6176162836604299,0.7622025327393598,0.0
text_only,audio,0.5,middle,1,0.6162310866574966,0.5844921671913416,0.6176162836604299,0.7622025327393598,0.0
text_only,audio,0.5,random,3,0.6162310866574966,0.5844921671913416,0.6176162836604299,0.7622025327393599,1.3597399555105182e-16
text_only,audio,0.5,start,1,0.6162310866574966,0.5844921671913416,0.6176162836604299,0.7622025327393598,0.0
text_only,audio,0.7,end,1,0.6162310866574966,0.5844921671913416,0.6176162836604299,0.7622025327393598,0.0
text_only,audio,0.7,middle,1,0.6162310866574966,0.5844921671913416,0.6176162836604299,0.7622025327393598,0.0
text_only,audio,0.7,random,3,0.6162310866574966,0.5844921671913416,0.6176162836604299,0.7622025327393599,1.3597399555105182e-16
text_only,audio,0.7,start,1,0.6162310866574966,0.5844921671913416,0.6176162836604299,0.7622025327393598,0.0
text_only,audio+vision,0.1,end,1,0.6162310866574966,0.5844921671913416,0.6176162836604299,0.7622025327393598,0.0
text_only,audio+vision,0.1,middle,1,0.6162310866574966,0.5844921671913416,0.6176162836604299,0.7622025327393598,0.0
text_only,audio+vision,0.1,random,3,0.6162310866574966,0.5844921671913416,0.6176162836604299,0.7622025327393599,1.3597399555105182e-16
text_only,audio+vision,0.1,start,1,0.6162310866574966,0.5844921671913416,0.6176162836604299,0.7622025327393598,0.0
text_only,audio+vision,0.3,end,1,0.6162310866574966,0.5844921671913416,0.6176162836604299,0.7622025327393598,0.0
text_only,audio+vision,0.3,middle,1,0.6162310866574966,0.5844921671913416,0.6176162836604299,0.7622025327393598,0.0
text_only,audio+vision,0.3,random,3,0.6162310866574966,0.5844921671913416,0.6176162836604299,0.7622025327393599,1.3597399555105182e-16
text_only,audio+vision,0.3,start,1,0.6162310866574966,0.5844921671913416,0.6176162836604299,0.7622025327393598,0.0
text_only,audio+vision,0.5,end,1,0.6162310866574966,0.5844921671913416,0.6176162836604299,0.7622025327393598,0.0
text_only,audio+vision,0.5,middle,1,0.6162310866574966,0.5844921671913416,0.6176162836604299,0.7622025327393598,0.0
text_only,audio+vision,0.5,random,3,0.6162310866574966,0.5844921671913416,0.6176162836604299,0.7622025327393599,1.3597399555105182e-16
text_only,audio+vision,0.5,start,1,0.6162310866574966,0.5844921671913416,0.6176162836604299,0.7622025327393598,0.0
text_only,audio+vision,0.7,end,1,0.6162310866574966,0.5844921671913416,0.6176162836604299,0.7622025327393598,0.0
text_only,audio+vision,0.7,middle,1,0.6162310866574966,0.5844921671913416,0.6176162836604299,0.7622025327393598,0.0
text_only,audio+vision,0.7,random,3,0.6162310866574966,0.5844921671913416,0.6176162836604299,0.7622025327393599,1.3597399555105182e-16
text_only,audio+vision,0.7,start,1,0.6162310866574966,0.5844921671913416,0.6176162836604299,0.7622025327393598,0.0
text_only,text,0.1,end,1,0.6011004126547456,0.5685997535141991,0.6038008237858628,0.7732910578153107,0.0
text_only,text,0.1,middle,1,0.5983493810178817,0.5698390183496566,0.6014386752681697,0.7585875222499452,0.0
text_only,text,0.1,random,3,0.5933058230169648,0.5609436492593564,0.5956870110654376,0.7691298788310666,0.005064680627710937
text_only,text,0.1,start,1,0.6038514442916093,0.5691845378233374,0.6044182990466223,0.7689788688020761,0.0
text_only,text,0.3,end,1,0.5735900962861072,0.5490834455653023,0.5810543425010334,0.7846878808504058,0.0
text_only,text,0.3,middle,1,0.5584594222833562,0.5359124222224144,0.567424173383804,0.7781169187868273,0.0
text_only,text,0.3,random,3,0.5653370013755158,0.5362424242152488,0.5719721060843694,0.7852522190665873,0.002177157877854582
text_only,text,0.3,start,1,0.5818431911966988,0.5401149591897085,0.5806299339709573,0.7868537610797298,0.0
text_only,text,0.5,end,1,0.4965612104539202,0.48073722010734027,0.513037664493042,0.806191133842069,0.0
text_only,text,0.5,middle,1,0.5392022008253095,0.519555346477344,0.5500790477924108,0.8025766315342752,0.0
text_only,text,0.5,random,3,0.5226960110041267,0.5002796811936889,0.533515558368792,0.8084076594904565,0.003864946245525269
text_only,text,0.5,start,1,0.5529573590096286,0.5201236813593462,0.5557418421157015,0.8049503206952345,0.0
text_only,text,0.7,end,1,0.4649243466299862,0.4518986564119798,0.48052968399911794,0.8312562943420098,0.0
text_only,text,0.7,middle,1,0.5034387895460798,0.4900971024093124,0.5210339065150662,0.8239565297078433,0.0
text_only,text,0.7,random,3,0.4731774415405778,0.4571935199308883,0.4863985963840018,0.8348703568854585,0.006710992163008432
text_only,text,0.7,start,1,0.5034387895460798,0.47488847672924983,0.511725619048136,0.8371759031998748,0.0
text_only,text+audio,0.1,end,1,0.6011004126547456,0.5685997535141991,0.6038008237858628,0.7732910578153107,0.0
text_only,text+audio,0.1,middle,1,0.5983493810178817,0.5698390183496566,0.6014386752681697,0.7585875222499452,0.0
text_only,text+audio,0.1,random,3,0.5933058230169648,0.5609436492593564,0.5956870110654376,0.7691298788310666,0.005064680627710937
text_only,text+audio,0.1,start,1,0.6038514442916093,0.5691845378233374,0.6044182990466223,0.7689788688020761,0.0
text_only,text+audio,0.3,end,1,0.5735900962861072,0.5490834455653023,0.5810543425010334,0.7846878808504058,0.0
text_only,text+audio,0.3,middle,1,0.5584594222833562,0.5359124222224144,0.567424173383804,0.7781169187868273,0.0
text_only,text+audio,0.3,random,3,0.5653370013755158,0.5362424242152488,0.5719721060843694,0.7852522190665873,0.002177157877854582
text_only,text+audio,0.3,start,1,0.5818431911966988,0.5401149591897085,0.5806299339709573,0.7868537610797298,0.0
text_only,text+audio,0.5,end,1,0.4965612104539202,0.48073722010734027,0.513037664493042,0.806191133842069,0.0
text_only,text+audio,0.5,middle,1,0.5392022008253095,0.519555346477344,0.5500790477924108,0.8025766315342752,0.0
text_only,text+audio,0.5,random,3,0.5226960110041267,0.5002796811936889,0.533515558368792,0.8084076594904565,0.003864946245525269
text_only,text+audio,0.5,start,1,0.5529573590096286,0.5201236813593462,0.5557418421157015,0.8049503206952345,0.0
text_only,text+audio,0.7,end,1,0.4649243466299862,0.4518986564119798,0.48052968399911794,0.8312562943420098,0.0
text_only,text+audio,0.7,middle,1,0.5034387895460798,0.4900971024093124,0.5210339065150662,0.8239565297078433,0.0
text_only,text+audio,0.7,random,3,0.4731774415405778,0.4571935199308883,0.4863985963840018,0.8348703568854585,0.006710992163008432
text_only,text+audio,0.7,start,1,0.5034387895460798,0.47488847672924983,0.511725619048136,0.8371759031998748,0.0
text_only,text+audio+vision,0.1,end,1,0.6011004126547456,0.5685997535141991,0.6038008237858628,0.7732910578153107,0.0
text_only,text+audio+vision,0.1,middle,1,0.5983493810178817,0.5698390183496566,0.6014386752681697,0.7585875222499452,0.0
text_only,text+audio+vision,0.1,random,3,0.5933058230169648,0.5609436492593564,0.5956870110654376,0.7691298788310666,0.005064680627710937
text_only,text+audio+vision,0.1,start,1,0.6038514442916093,0.5691845378233374,0.6044182990466223,0.7689788688020761,0.0
text_only,text+audio+vision,0.3,end,1,0.5735900962861072,0.5490834455653023,0.5810543425010334,0.7846878808504058,0.0
text_only,text+audio+vision,0.3,middle,1,0.5584594222833562,0.5359124222224144,0.567424173383804,0.7781169187868273,0.0
text_only,text+audio+vision,0.3,random,3,0.5653370013755158,0.5362424242152488,0.5719721060843694,0.7852522190665873,0.002177157877854582
text_only,text+audio+vision,0.3,start,1,0.5818431911966988,0.5401149591897085,0.5806299339709573,0.7868537610797298,0.0
text_only,text+audio+vision,0.5,end,1,0.4965612104539202,0.48073722010734027,0.513037664493042,0.806191133842069,0.0
text_only,text+audio+vision,0.5,middle,1,0.5392022008253095,0.519555346477344,0.5500790477924108,0.8025766315342752,0.0
text_only,text+audio+vision,0.5,random,3,0.5226960110041267,0.5002796811936889,0.533515558368792,0.8084076594904565,0.003864946245525269
text_only,text+audio+vision,0.5,start,1,0.5529573590096286,0.5201236813593462,0.5557418421157015,0.8049503206952345,0.0
text_only,text+audio+vision,0.7,end,1,0.4649243466299862,0.4518986564119798,0.48052968399911794,0.8312562943420098,0.0
text_only,text+audio+vision,0.7,middle,1,0.5034387895460798,0.4900971024093124,0.5210339065150662,0.8239565297078433,0.0
text_only,text+audio+vision,0.7,random,3,0.4731774415405778,0.4571935199308883,0.4863985963840018,0.8348703568854585,0.006710992163008432
text_only,text+audio+vision,0.7,start,1,0.5034387895460798,0.47488847672924983,0.511725619048136,0.8371759031998748,0.0
text_only,text+vision,0.1,end,1,0.6011004126547456,0.5685997535141991,0.6038008237858628,0.7732910578153107,0.0
text_only,text+vision,0.1,middle,1,0.5983493810178817,0.5698390183496566,0.6014386752681697,0.7585875222499452,0.0
text_only,text+vision,0.1,random,3,0.5933058230169648,0.5609436492593564,0.5956870110654376,0.7691298788310666,0.005064680627710937
text_only,text+vision,0.1,start,1,0.6038514442916093,0.5691845378233374,0.6044182990466223,0.7689788688020761,0.0
text_only,text+vision,0.3,end,1,0.5735900962861072,0.5490834455653023,0.5810543425010334,0.7846878808504058,0.0
text_only,text+vision,0.3,middle,1,0.5584594222833562,0.5359124222224144,0.567424173383804,0.7781169187868273,0.0
text_only,text+vision,0.3,random,3,0.5653370013755158,0.5362424242152488,0.5719721060843694,0.7852522190665873,0.002177157877854582
text_only,text+vision,0.3,start,1,0.5818431911966988,0.5401149591897085,0.5806299339709573,0.7868537610797298,0.0
text_only,text+vision,0.5,end,1,0.4965612104539202,0.48073722010734027,0.513037664493042,0.806191133842069,0.0
text_only,text+vision,0.5,middle,1,0.5392022008253095,0.519555346477344,0.5500790477924108,0.8025766315342752,0.0
text_only,text+vision,0.5,random,3,0.5226960110041267,0.5002796811936889,0.533515558368792,0.8084076594904565,0.003864946245525269
text_only,text+vision,0.5,start,1,0.5529573590096286,0.5201236813593462,0.5557418421157015,0.8049503206952345,0.0
text_only,text+vision,0.7,end,1,0.4649243466299862,0.4518986564119798,0.48052968399911794,0.8312562943420098,0.0
text_only,text+vision,0.7,middle,1,0.5034387895460798,0.4900971024093124,0.5210339065150662,0.8239565297078433,0.0
text_only,text+vision,0.7,random,3,0.4731774415405778,0.4571935199308883,0.4863985963840018,0.8348703568854585,0.006710992163008432
text_only,text+vision,0.7,start,1,0.5034387895460798,0.47488847672924983,0.511725619048136,0.8371759031998748,0.0
text_only,vision,0.1,end,1,0.6162310866574966,0.5844921671913416,0.6176162836604299,0.7622025327393598,0.0
text_only,vision,0.1,middle,1,0.6162310866574966,0.5844921671913416,0.6176162836604299,0.7622025327393598,0.0
text_only,vision,0.1,random,3,0.6162310866574966,0.5844921671913416,0.6176162836604299,0.7622025327393599,1.3597399555105182e-16
text_only,vision,0.1,start,1,0.6162310866574966,0.5844921671913416,0.6176162836604299,0.7622025327393598,0.0
text_only,vision,0.3,end,1,0.6162310866574966,0.5844921671913416,0.6176162836604299,0.7622025327393598,0.0
text_only,vision,0.3,middle,1,0.6162310866574966,0.5844921671913416,0.6176162836604299,0.7622025327393598,0.0
text_only,vision,0.3,random,3,0.6162310866574966,0.5844921671913416,0.6176162836604299,0.7622025327393599,1.3597399555105182e-16
text_only,vision,0.3,start,1,0.6162310866574966,0.5844921671913416,0.6176162836604299,0.7622025327393598,0.0
text_only,vision,0.5,end,1,0.6162310866574966,0.5844921671913416,0.6176162836604299,0.7622025327393598,0.0
text_only,vision,0.5,middle,1,0.6162310866574966,0.5844921671913416,0.6176162836604299,0.7622025327393598,0.0
text_only,vision,0.5,random,3,0.6162310866574966,0.5844921671913416,0.6176162836604299,0.7622025327393599,1.3597399555105182e-16
text_only,vision,0.5,start,1,0.6162310866574966,0.5844921671913416,0.6176162836604299,0.7622025327393598,0.0
text_only,vision,0.7,end,1,0.6162310866574966,0.5844921671913416,0.6176162836604299,0.7622025327393598,0.0
text_only,vision,0.7,middle,1,0.6162310866574966,0.5844921671913416,0.6176162836604299,0.7622025327393598,0.0
text_only,vision,0.7,random,3,0.6162310866574966,0.5844921671913416,0.6176162836604299,0.7622025327393599,1.3597399555105182e-16
text_only,vision,0.7,start,1,0.6162310866574966,0.5844921671913416,0.6176162836604299,0.7622025327393598,0.0
audio_visual_only,audio,0.1,end,1,0.49931224209078406,0.4549044981176477,0.49957073591804857,0.8407115280024632,0.0
audio_visual_only,audio,0.1,middle,1,0.5075653370013755,0.4642141395190175,0.507832703915,0.8400114567074003,0.0
audio_visual_only,audio,0.1,random,3,0.5006877579092159,0.4562297032551322,0.5011228804458828,0.8405979980043012,0.0004793769238637182
audio_visual_only,audio,0.1,start,1,0.5061898211829436,0.4628252906513776,0.5066334036754466,0.8412111259457932,0.0
audio_visual_only,audio,0.3,end,1,0.4938101788170564,0.45797312749218966,0.4979888516304631,0.8413960590504963,0.0
audio_visual_only,audio,0.3,middle,1,0.4951856946354883,0.4531430858161251,0.49677722105212085,0.837944546471807,0.0
audio_visual_only,audio,0.3,random,3,0.4855570839064649,0.4434720826435588,0.48840310264939113,0.8411041252762086,0.0007844486368155854
audio_visual_only,audio,0.3,start,1,0.4786795048143054,0.43945141900336654,0.48356211720256503,0.8459966932129372,0.0
audio_visual_only,audio,0.5,end,1,0.4965612104539202,0.4636170413229808,0.5035727623549293,0.8419698034769817,0.0
audio_visual_only,audio,0.5,middle,1,0.49105914718019256,0.4582982785243595,0.4973489607974803,0.8413438928539089,0.0
audio_visual_only,audio,0.5,random,3,0.48555708390646496,0.45402547062978277,0.49319947512740453,0.8421864341658586,0.0017095694078495707
audio_visual_only,audio,0.5,start,1,0.47455295735900965,0.4416976115946663,0.48312124103945325,0.845526008773549,0.0
audio_visual_only,audio,0.7,end,1,0.47455295735900965,0.4500854223834254,0.4860183732042559,0.8401638273968425,0.0
audio_visual_only,audio,0.7,middle,1,0.4828060522696011,0.45613046127936235,0.49106220160102954,0.8464234454181353,0.0
audio_visual_only,audio,0.7,random,3,0.4662998624484182,0.44424470944650446,0.477932688185728,0.8431360278851162,0.0020563091347065884
audio_visual_only,audio,0.7,start,1,0.4594222833562586,0.4378817754783311,0.47121372945554607,0.8484693236649239,0.0
audio_visual_only,audio+vision,0.1,end,1,0.49793672627235214,0.4533855475662351,0.49890786426538813,0.8410271610374843,0.0
audio_visual_only,audio+vision,0.1,middle,1,0.5103163686382394,0.4671506324741462,0.5117932468999785,0.8400639189330532,0.0
audio_visual_only,audio+vision,0.1,random,3,0.49610270518110955,0.45298330196944697,0.4975555376588779,0.841336522032586,0.0003523002678015664
audio_visual_only,audio+vision,0.1,start,1,0.5048143053645117,0.46170521721618035,0.5057321360779642,0.8412019052424986,0.0
audio_visual_only,audio+vision,0.3,end,1,0.48005502063273725,0.44945558386568685,0.4883104337199823,0.8428824344764358,0.0
audio_visual_only,audio+vision,0.3,middle,1,0.49931224209078406,0.4647046610203554,0.5053879493322639,0.837484795081133,0.0
audio_visual_only,audio+vision,0.3,random,3,0.47546996790463086,0.44272014711378466,0.4830796959013414,0.8429206612638017,0.002400895537281978
audio_visual_only,audio+vision,0.3,start,1,0.4580467675378267,0.42856547998661254,0.46711435260363066,0.8516484249068924,0.0
audio_visual_only,audio+vision,0.5,end,1,0.4442916093535076,0.43014559800938157,0.45875178770715,0.8466914913455651,0.0
audio_visual_only,audio+vision,0.5,middle,1,0.48005502063273725,0.4571176373553369,0.49237828920826654,0.8468516430544266,0.0
audio_visual_only,audio+vision,0.5,random,3,0.45071068317285645,0.4350567303945074,0.4652359749237202,0.848641663595835,0.0033339250294931446
audio_visual_only,audio+vision,0.5,start,1,0.4236588720770289,0.41026183621619383,0.438324079566794,0.8556901984915055,0.0
audio_visual_only,audio+vision,0.7,end,1,0.37551581843191195,0.3655574178517688,0.38325298736774827,0.8516510865887136,0.0
audio_visual_only,audio+vision,0.7,middle,1,0.39752407152682256,0.3855414518238726,0.408011057476509,0.8581031674522347,0.0
audio_visual_only,audio+vision,0.7,random,3,0.3608436497019716,0.3436905101127164,0.35814567894973903,0.8553869730144467,0.005098345213345132
audio_visual_only,audio+vision,0.7,start,1,0.3328748280605227,0.3041080908304559,0.3158580184518492,0.8654298751290133,0.0
audio_visual_only,text,0.1,end,1,0.5006877579092159,0.45632413580462733,0.50090291997335,0.8405257554263811,0.0
audio_visual_only,text,0.1,middle,1,0.5006877579092159,0.45632413580462733,0.50090291997335,0.8405257554263811,0.0
audio_visual_only,text,0.1,random,3,0.5006877579092159,0.45632413580462733,0.50090291997335,0.8405257554263811,0.0
audio_visual_only,text,0.1,start,1,0.5006877579092159,0.45632413580462733,0.50090291997335,0.8405257554263811,0.0
audio_visual_only,text,0.3,end,1,0.5006877579092159,0.45632413580462733,0.50090291997335,0.8405257554263811,0.0
audio_visual_only,text,0.3,middle,1,0.5006877579092159,0.45632413580462733,0.50090291997335,0.8405257554263811,0.0
audio_visual_only,text,0.3,random,3,0.5006877579092159,0.45632413580462733,0.50090291997335,0.8405257554263811,0.0
audio_visual_only,text,0.3,start,1,0.5006877579092159,0.45632413580462733,0.50090291997335,0.8405257554263811,0.0
audio_visual_only,text,0.5,end,1,0.5006877579092159,0.45632413580462733,0.50090291997335,0.8405257554263811,0.0
audio_visual_only,text,0.5,middle,1,0.5006877579092159,0.45632413580462733,0.50090291997335,0.8405257554263811,0.0
audio_visual_only,text,0.5,random,3,0.5006877579092159,0.45632413580462733,0.50090291997335,0.8405257554263811,0.0
audio_visual_only,text,0.5,start,1,0.5006877579092159,0.45632413580462733,0.50090291997335,0.8405257554263811,0.0
audio_visual_only,text,0.7,end,1,0.5006877579092159,0.45632413580462733,0.50090291997335,0.8405257554263811,0.0
audio_visual_only,text,0.7,middle,1,0.5006877579092159,0.45632413580462733,0.50090291997335,0.8405257554263811,0.0
audio_visual_only,text,0.7,random,3,0.5006877579092159,0.45632413580462733,0.50090291997335,0.8405257554263811,0.0
audio_visual_only,text,0.7,start,1,0.5006877579092159,0.45632413580462733,0.50090291997335,0.8405257554263811,0.0
audio_visual_only,text+audio,0.1,end,1,0.49931224209078406,0.4549044981176477,0.49957073591804857,0.8407115280024632,0.0
audio_visual_only,text+audio,0.1,middle,1,0.5075653370013755,0.4642141395190175,0.507832703915,0.8400114567074003,0.0
audio_visual_only,text+audio,0.1,random,3,0.5006877579092159,0.4562297032551322,0.5011228804458828,0.8405979980043012,0.0004793769238637182
audio_visual_only,text+audio,0.1,start,1,0.5061898211829436,0.4628252906513776,0.5066334036754466,0.8412111259457932,0.0
audio_visual_only,text+audio,0.3,end,1,0.4938101788170564,0.45797312749218966,0.4979888516304631,0.8413960590504963,0.0
audio_visual_only,text+audio,0.3,middle,1,0.4951856946354883,0.4531430858161251,0.49677722105212085,0.837944546471807,0.0
audio_visual_only,text+audio,0.3,random,3,0.4855570839064649,0.4434720826435588,0.48840310264939113,0.8411041252762086,0.0007844486368155854
audio_visual_only,text+audio,0.3,start,1,0.4786795048143054,0.43945141900336654,0.48356211720256503,0.8459966932129372,0.0
audio_visual_only,text+audio,0.5,end,1,0.4965612104539202,0.4636170413229808,0.5035727623549293,0.8419698034769817,0.0
audio_visual_only,text+audio,0.5,middle,1,0.49105914718019256,0.4582982785243595,0.4973489607974803,0.8413438928539089,0.0
audio_visual_only,text+audio,0.5,random,3,0.48555708390646496,0.45402547062978277,0.49319947512740453,0.8421864341658586,0.0017095694078495707
audio_visual_only,text+audio,0.5,start,1,0.47455295735900965,0.4416976115946663,0.48312124103945325,0.845526008773549,0.0
audio_visual_only,text+audio,0.7,end,1,0.47455295735900965,0.4500854223834254,0.4860183732042559,0.8401638273968425,0.0
audio_visual_only,text+audio,0.7,middle,1,0.4828060522696011,0.45613046127936235,0.49106220160102954,0.8464234454181353,0.0
audio_visual_only,text+audio,0.7,random,3,0.4662998624484182,0.44424470944650446,0.477932688185728,0.8431360278851162,0.0020563091347065884
audio_visual_only,text+audio,0.7,start,1,0.4594222833562586,0.4378817754783311,0.47121372945554607,0.8484693236649239,0.0
audio_visual_only,text+audio+vision,0.1,end,1,0.49793672627235214,0.4533855475662351,0.49890786426538813,0.8410271610374843,0.0
audio_visual_only,text+audio+vision,0.1,middle,1,0.5103163686382394,0.4671506324741462,0.5117932468999785,0.8400639189330532,0.0
audio_visual_only,text+audio+vision,0.1,random,3,0.49610270518110955,0.45298330196944697,0.4975555376588779,0.841336522032586,0.0003523002678015664
audio_visual_only,text+audio+vision,0.1,start,1,0.5048143053645117,0.46170521721618035,0.5057321360779642,0.8412019052424986,0.0
audio_visual_only,text+audio+vision,0.3,end,1,0.48005502063273725,0.44945558386568685,0.4883104337199823,0.8428824344764358,0.0
audio_visual_only,text+audio+vision,0.3,middle,1,0.49931224209078406,0.4647046610203554,0.5053879493322639,0.837484795081133,0.0
audio_visual_only,text+audio+vision,0.3,random,3,0.47546996790463086,0.44272014711378466,0.4830796959013414,0.8429206612638017,0.002400895537281978
audio_visual_only,text+audio+vision,0.3,start,1,0.4580467675378267,0.42856547998661254,0.46711435260363066,0.8516484249068924,0.0
audio_visual_only,text+audio+vision,0.5,end,1,0.4442916093535076,0.43014559800938157,0.45875178770715,0.8466914913455651,0.0
audio_visual_only,text+audio+vision,0.5,middle,1,0.48005502063273725,0.4571176373553369,0.49237828920826654,0.8468516430544266,0.0
audio_visual_only,text+audio+vision,0.5,random,3,0.45071068317285645,0.4350567303945074,0.4652359749237202,0.848641663595835,0.0033339250294931446
audio_visual_only,text+audio+vision,0.5,start,1,0.4236588720770289,0.41026183621619383,0.438324079566794,0.8556901984915055,0.0
audio_visual_only,text+audio+vision,0.7,end,1,0.37551581843191195,0.3655574178517688,0.38325298736774827,0.8516510865887136,0.0
audio_visual_only,text+audio+vision,0.7,middle,1,0.39752407152682256,0.3855414518238726,0.408011057476509,0.8581031674522347,0.0
audio_visual_only,text+audio+vision,0.7,random,3,0.3608436497019716,0.3436905101127164,0.35814567894973903,0.8553869730144467,0.005098345213345132
audio_visual_only,text+audio+vision,0.7,start,1,0.3328748280605227,0.3041080908304559,0.3158580184518492,0.8654298751290133,0.0
audio_visual_only,text+vision,0.1,end,1,0.5034387895460798,0.4574855434402895,0.5033071368221262,0.8408413398122657,0.0
audio_visual_only,text+vision,0.1,middle,1,0.515818431911967,0.472437537627935,0.5165931688373206,0.8405081575862695,0.0
audio_visual_only,text+vision,0.1,random,3,0.5048143053645117,0.46009957280731073,0.5053498865653875,0.8413159150232133,0.0003569868991282907
audio_visual_only,text+vision,0.1,start,1,0.5034387895460798,0.4602686626364323,0.5043175407636701,0.840498447840437,0.0
audio_visual_only,text+vision,0.3,end,1,0.48830811554332876,0.4498863406824342,0.49289422561631807,0.8411966009406555,0.0
audio_visual_only,text+vision,0.3,middle,1,0.4965612104539202,0.45601527021568095,0.5002033953776581,0.8390677151610036,0.0
audio_visual_only,text+vision,0.3,random,3,0.4850985786336543,0.44468152828813173,0.4891304260458474,0.8425698938291161,0.0017743192976072213
audio_visual_only,text+vision,0.3,start,1,0.48005502063273725,0.4444191607132928,0.48503845596137746,0.8456366327409847,0.0
audio_visual_only,text+vision,0.5,end,1,0.45667125171939477,0.4265891434253067,0.46621805533910626,0.8437666073135347,0.0
audio_visual_only,text+vision,0.5,middle,1,0.48830811554332876,0.45075735971475434,0.49276729286800297,0.8441947809204713,0.0
audio_visual_only,text+vision,0.5,random,3,0.47042640990371387,0.4379410491914646,0.4790728771125036,0.8468036320286778,0.0018143761295998366
audio_visual_only,text+vision,0.5,start,1,0.4718019257221458,0.4456621311578302,0.48429257196310876,0.8500727512684194,0.0
audio_visual_only,text+vision,0.7,end,1,0.437414030261348,0.4137434517292264,0.4517855200277509,0.8480581448231328,0.0
audio_visual_only,text+vision,0.7,middle,1,0.48418156808803303,0.45555142886619215,0.4932870145091163,0.8495537632193075,0.0
audio_visual_only,text+vision,0.7,random,3,0.4571297569922054,0.4364556266758764,0.4706984939389501,0.850860680491285,0.0037002148044582395
audio_visual_only,text+vision,0.7,start,1,0.46354883081155435,0.44525354695547215,0.477626843823045,0.85492285138306,0.0
audio_visual_only,vision,0.1,end,1,0.5034387895460798,0.4574855434402895,0.5033071368221262,0.8408413398122657,0.0
audio_visual_only,vision,0.1,middle,1,0.515818431911967,0.472437537627935,0.5165931688373206,0.8405081575862695,0.0
audio_visual_only,vision,0.1,random,3,0.5048143053645117,0.46009957280731073,0.5053498865653875,0.8413159150232133,0.0003569868991282907
audio_visual_only,vision,0.1,start,1,0.5034387895460798,0.4602686626364323,0.5043175407636701,0.840498447840437,0.0
audio_visual_only,vision,0.3,end,1,0.48830811554332876,0.4498863406824342,0.49289422561631807,0.8411966009406555,0.0
audio_visual_only,vision,0.3,middle,1,0.4965612104539202,0.45601527021568095,0.5002033953776581,0.8390677151610036,0.0
audio_visual_only,vision,0.3,random,3,0.4850985786336543,0.44468152828813173,0.4891304260458474,0.8425698938291161,0.0017743192976072213
audio_visual_only,vision,0.3,start,1,0.48005502063273725,0.4444191607132928,0.48503845596137746,0.8456366327409847,0.0
audio_visual_only,vision,0.5,end,1,0.45667125171939477,0.4265891434253067,0.46621805533910626,0.8437666073135347,0.0
audio_visual_only,vision,0.5,middle,1,0.48830811554332876,0.45075735971475434,0.49276729286800297,0.8441947809204713,0.0
audio_visual_only,vision,0.5,random,3,0.47042640990371387,0.4379410491914646,0.4790728771125036,0.8468036320286778,0.0018143761295998366
audio_visual_only,vision,0.5,start,1,0.4718019257221458,0.4456621311578302,0.48429257196310876,0.8500727512684194,0.0
audio_visual_only,vision,0.7,end,1,0.437414030261348,0.4137434517292264,0.4517855200277509,0.8480581448231328,0.0
audio_visual_only,vision,0.7,middle,1,0.48418156808803303,0.45555142886619215,0.4932870145091163,0.8495537632193075,0.0
audio_visual_only,vision,0.7,random,3,0.4571297569922054,0.4364556266758764,0.4706984939389501,0.850860680491285,0.0037002148044582395
audio_visual_only,vision,0.7,start,1,0.46354883081155435,0.44525354695547215,0.477626843823045,0.85492285138306,0.0
proposed_seed17,audio,0.1,end,1,0.6121045392022009,0.5734528141461331,0.6110554576120403,0.74646509670917,0.0
proposed_seed17,audio,0.1,middle,1,0.6121045392022009,0.5737788024041629,0.610849835862966,0.7463248596891711,0.0
proposed_seed17,audio,0.1,random,3,0.6139385602934434,0.5765578706027688,0.6131875561432555,0.746326510311721,0.0001488804891075108
proposed_seed17,audio,0.1,start,1,0.609353507565337,0.5713057475580019,0.6085072369358516,0.7464977165426125,0.0
proposed_seed17,audio,0.3,end,1,0.6107290233837689,0.57559937694338,0.610994973711216,0.7478896097855805,0.0
proposed_seed17,audio,0.3,middle,1,0.6121045392022009,0.574098188806709,0.6115481358039694,0.7458311260721195,0.0
proposed_seed17,audio,0.3,random,3,0.6121045392022009,0.5755243683593578,0.6118668680620084,0.746523122165819,0.0006487581982665145
proposed_seed17,audio,0.3,start,1,0.6066024759284732,0.570091532647595,0.606581351687348,0.7476043547959633,0.0
proposed_seed17,audio,0.5,end,1,0.6066024759284732,0.5742328158409773,0.6077864832369662,0.7476909425543163,0.0
proposed_seed17,audio,0.5,middle,1,0.6148555708390646,0.5803707139645304,0.6153790841140452,0.7463692526220863,0.0
proposed_seed17,audio,0.5,random,3,0.6102705181109583,0.5755504297425497,0.610849860760689,0.746788748813024,0.0008599894465452907
proposed_seed17,audio,0.5,start,1,0.6066024759284732,0.5722878063887141,0.6076510245815737,0.7475836516239791,0.0
proposed_seed17,audio,0.7,end,1,0.609353507565337,0.5750701217428489,0.61040363775627,0.747509471425751,0.0
proposed_seed17,audio,0.7,middle,1,0.609353507565337,0.5758615744837713,0.6098075015299328,0.7477202250540244,0.0
proposed_seed17,audio,0.7,random,3,0.6121045392022009,0.5779658949086616,0.6128428935187555,0.7470384283519076,0.001408470782968151
proposed_seed17,audio,0.7,start,1,0.6079779917469051,0.5735351653536247,0.6092259094424619,0.7481706113022447,0.0
proposed_seed17,audio+vision,0.1,end,1,0.609353507565337,0.5710698615244308,0.6084963236983253,0.7466896903810085,0.0
proposed_seed17,audio+vision,0.1,middle,1,0.6134800550206327,0.5746394624667136,0.6124902764753426,0.746366607558795,0.0
proposed_seed17,audio+vision,0.1,random,3,0.6098120128381476,0.5718595653112652,0.609191407025819,0.7466683024091122,0.00016939491290616745
proposed_seed17,audio+vision,0.1,start,1,0.6066024759284732,0.5689239869468575,0.6059468310324803,0.746501763085154,0.0
proposed_seed17,audio+vision,0.3,end,1,0.6038514442916093,0.5692008789244617,0.6051400455888344,0.7480860432307603,0.0
proposed_seed17,audio+vision,0.3,middle,1,0.6107290233837689,0.5737365644242435,0.6109553425740764,0.746156689731258,0.0
proposed_seed17,audio+vision,0.3,random,3,0.6075194864740944,0.5734816689221831,0.6087995639913342,0.7472937499564388,0.0010109574978861284
proposed_seed17,audio+vision,0.3,start,1,0.6024759284731774,0.5668088248869196,0.6030159565167871,0.7512239156796863,0.0
proposed_seed17,audio+vision,0.5,end,1,0.5928473177441541,0.5617259760829413,0.5958594348885259,0.7505000420483848,0.0
proposed_seed17,audio+vision,0.5,middle,1,0.6148555708390646,0.5835794124856941,0.6170968049964709,0.7490288215338679,0.0
proposed_seed17,audio+vision,0.5,random,3,0.5974323704722605,0.5677082534350277,0.601027447909645,0.7499274792956272,0.0013004221507133126
proposed_seed17,audio+vision,0.5,start,1,0.5983493810178817,0.5712389238944656,0.6029123359699422,0.7526611068528553,0.0
proposed_seed17,audio+vision,0.7,end,1,0.5955983493810179,0.5682106441288545,0.599763392999788,0.7523091115867675,0.0
proposed_seed17,audio+vision,0.7,middle,1,0.6066024759284732,0.581174504336269,0.6113076895194178,0.7530009248952576,0.0
proposed_seed17,audio+vision,0.7,random,3,0.5988078862906924,0.5730843047896789,0.6037311766670527,0.7523065033426283,0.0017968430479119435
proposed_seed17,audio+vision,0.7,start,1,0.5928473177441541,0.5668691368023216,0.5987474144675078,0.7559130237469286,0.0
proposed_seed17,text,0.1,end,1,0.5983493810178817,0.559935402882838,0.5981647407655911,0.7558558184741119,0.0
proposed_seed17,text,0.1,middle,1,0.5997248968363136,0.5605118213110031,0.6000350387978854,0.7449249206052215,0.0
proposed_seed17,text,0.1,random,3,0.607977991746905,0.5686271955380375,0.6077348044041884,0.7529339036769355,0.004898747333188381
proposed_seed17,text,0.1,start,1,0.609353507565337,0.5730630169140513,0.6092264348781383,0.7526431513594601,0.0
proposed_seed17,text,0.3,end,1,0.5969738651994498,0.565704396230628,0.5999617803037858,0.7652366308037807,0.0
proposed_seed17,text,0.3,middle,1,0.5722145804676754,0.5409914521054427,0.5769661656759992,0.7641000717536048,0.0
proposed_seed17,text,0.3,random,3,0.6001834021091242,0.5657394936366504,0.6015495015576691,0.7675125936961728,0.0023686086838451944
proposed_seed17,text,0.3,start,1,0.5955983493810179,0.5489296034669402,0.5917688868468309,0.766957035255783,0.0
proposed_seed17,text,0.5,end,1,0.5557083906464925,0.5271110932411243,0.5641623061102579,0.786484539659675,0.0
proposed_seed17,text,0.5,middle,1,0.5887207702888583,0.5572690460495339,0.5950450290692517,0.7846429116888376,0.0
proposed_seed17,text,0.5,random,3,0.5708390646492435,0.5405691604937278,0.5760755306974358,0.7861452917009966,0.002511319889735273
proposed_seed17,text,0.5,start,1,0.5708390646492435,0.5328584197605409,0.5716015526654477,0.7850581902898717,0.0
proposed_seed17,text,0.7,end,1,0.5295735900962861,0.5021669397686082,0.5392080774518062,0.8084966349932604,0.0
proposed_seed17,text,0.7,middle,1,0.5639614855570839,0.5335242354962294,0.5717508374673942,0.7997127040352237,0.0
proposed_seed17,text,0.7,random,3,0.5419532324621733,0.5108144002627224,0.548351328995624,0.8101581812705367,0.004875651768820548
proposed_seed17,text,0.7,start,1,0.5612104539202201,0.5210085153560448,0.5635590315424632,0.8119893749198134,0.0
proposed_seed17,text+audio,0.1,end,1,0.5983493810178817,0.559935402882838,0.5981647407655911,0.7560731006100769,0.0
proposed_seed17,text+audio,0.1,middle,1,0.5997248968363136,0.5616197795190173,0.6002283053424255,0.7448029794490661,0.0
proposed_seed17,text+audio,0.1,random,3,0.6079779917469051,0.5694490923096102,0.6080480617990002,0.7529381517332284,0.004859972344453368
proposed_seed17,text+audio,0.1,start,1,0.609353507565337,0.5730630169140513,0.6092264348781383,0.752860498389722,0.0
proposed_seed17,text+audio,0.3,end,1,0.5983493810178817,0.5663811625344334,0.601264407714919,0.7668125229017415,0.0
proposed_seed17,text+audio,0.3,middle,1,0.5777166437414031,0.5491191035556687,0.5840128788537642,0.763290552816462,0.0
proposed_seed17,text+audio,0.3,random,3,0.5997248968363137,0.565751352465124,0.601520938553935,0.7677974607922757,0.0019289055811661361
proposed_seed17,text+audio,0.3,start,1,0.5900962861072903,0.5456468370088798,0.5878654538588084,0.768809432496015,0.0
proposed_seed17,text+audio,0.5,end,1,0.5488308115543329,0.5256062736507215,0.5595212749660766,0.7882853512894495,0.0
proposed_seed17,text+audio,0.5,middle,1,0.5900962861072903,0.558432550088637,0.5969176506197847,0.7841358712473417,0.0
proposed_seed17,text+audio,0.5,random,3,0.5662540119211371,0.5394324149040622,0.5735195879557536,0.7867268780700044,0.0016944838958745983
proposed_seed17,text+audio,0.5,start,1,0.5708390646492435,0.5394615539707663,0.5746721537507209,0.7872450359711901,0.0
proposed_seed17,text+audio,0.7,end,1,0.5144429160935351,0.49344371495597,0.5289010297812893,0.8091517862454392,0.0
proposed_seed17,text+audio,0.7,middle,1,0.5584594222833562,0.5322199771148495,0.5701315717469495,0.8023065508158889,0.0
proposed_seed17,text+audio,0.7,random,3,0.5277395690050436,0.5044662494782663,0.5387149755660013,0.8111761566996556,0.0044122934494517365
proposed_seed17,text+audio,0.7,start,1,0.5405777166437414,0.5099001173934775,0.5484947856730482,0.8158465165193081,0.0
proposed_seed17,text+audio+vision,0.1,end,1,0.5983493810178817,0.559935402882838,0.5981647407655911,0.756373386772672,0.0
proposed_seed17,text+audio+vision,0.1,middle,1,0.5983493810178817,0.5605357510831617,0.5992650680578786,0.7448387015802211,0.0
proposed_seed17,text+audio+vision,0.1,random,3,0.6052269601100413,0.5668297075094424,0.6054711257102128,0.753302849861139,0.004652067170029144
proposed_seed17,text+audio+vision,0.1,start,1,0.6079779917469051,0.5727142358611965,0.6081655782454114,0.7528671741400195,0.0
proposed_seed17,text+audio+vision,0.3,end,1,0.5900962861072903,0.5612435619793821,0.5947577628517281,0.7684110609772105,0.0
proposed_seed17,text+audio+vision,0.3,middle,1,0.5667125171939478,0.5389949936054396,0.5738070335382459,0.7642860071176429,0.0
proposed_seed17,text+audio+vision,0.3,random,3,0.5900962861072903,0.5583779857507918,0.5935252906347276,0.7693056422851613,0.001524703706689728
proposed_seed17,text+audio+vision,0.3,start,1,0.5777166437414031,0.5356361214117907,0.5759866262547451,0.7725891524428175,0.0
proposed_seed17,text+audio+vision,0.5,end,1,0.5254470426409904,0.5110178836904974,0.5402544290400241,0.7924889233499888,0.0
proposed_seed17,text+audio+vision,0.5,middle,1,0.5832187070151307,0.5589734293805794,0.591528369772545,0.7882697715157071,0.0
proposed_seed17,text+audio+vision,0.5,random,3,0.5488308115543329,0.5276953536348805,0.5591681496151183,0.792448107633739,0.0023865811055470637
proposed_seed17,text+audio+vision,0.5,start,1,0.5598349381017882,0.5325852999906845,0.5657120633369359,0.7946913176521874,0.0
proposed_seed17,text+audio+vision,0.7,end,1,0.48693259972489683,0.4740454994735521,0.5032716613543105,0.8185983414221327,0.0
proposed_seed17,text+audio+vision,0.7,middle,1,0.530949105914718,0.5161381431457381,0.5491023728425851,0.8125744303302435,0.0
proposed_seed17,text+audio+vision,0.7,random,3,0.49610270518110955,0.4825086509423245,0.5119333260728935,0.8223005614764203,0.0073395053219802945
proposed_seed17,text+audio+vision,0.7,start,1,0.5199449793672627,0.49971458877484703,0.5336970229947403,0.8293989314546298,0.0
proposed_seed17,text+vision,0.1,end,1,0.5969738651994498,0.5588283719140219,0.5968153476606227,0.7560581322293524,0.0
proposed_seed17,text+vision,0.1,middle,1,0.5969738651994498,0.5587699196454773,0.5979515599151974,0.7449148046763768,0.0
proposed_seed17,text+vision,0.1,random,3,0.6052269601100413,0.5660349975790189,0.6050149012025648,0.7532872320520411,0.0046824764469896455
proposed_seed17,text+vision,0.1,start,1,0.6079779917469051,0.5719545820207194,0.6078670909265852,0.7526510567269892,0.0
proposed_seed17,text+vision,0.3,end,1,0.5914718019257221,0.5618801551382314,0.595736762016825,0.7666798550532771,0.0
proposed_seed17,text+vision,0.3,middle,1,0.5694635488308115,0.538976733550563,0.5752610118521765,0.7647290440932171,0.0
proposed_seed17,text+vision,0.3,random,3,0.5919303071985328,0.5583177632434274,0.5944610522776815,0.7689582151903305,0.0019149349150691677
proposed_seed17,text+vision,0.3,start,1,0.5859697386519945,0.5401087106302193,0.5821376632651123,0.7704295205547721,0.0
proposed_seed17,text+vision,0.5,end,1,0.5405777166437414,0.5204354593355233,0.5525567121511701,0.7902094094186328,0.0
proposed_seed17,text+vision,0.5,middle,1,0.5818431911966988,0.555211607485089,0.5897871692454634,0.7881128997799477,0.0
proposed_seed17,text+vision,0.5,random,3,0.5538743695552499,0.5311482314996551,0.5622410686066196,0.7916093298399378,0.002849975767399303
proposed_seed17,text+vision,0.5,start,1,0.5653370013755158,0.5354734188320444,0.5690755875816729,0.7918153119556723,0.0
proposed_seed17,text+vision,0.7,end,1,0.5061898211829436,0.4843999940392177,0.5167034916863645,0.8166474193949138,0.0
proposed_seed17,text+vision,0.7,middle,1,0.5529573590096286,0.528852273498857,0.5644313516073987,0.8092995214807005,0.0
proposed_seed17,text+vision,0.7,random,3,0.5226960110041264,0.49919744133609223,0.5338423892621247,0.8206788658296897,0.0071855214012330314
proposed_seed17,text+vision,0.7,start,1,0.5419532324621733,0.5164433015836406,0.5510701285246927,0.8251662268471768,0.0
proposed_seed17,vision,0.1,end,1,0.6107290233837689,0.572410517143919,0.6098509303348648,0.7465646578916516,0.0
proposed_seed17,vision,0.1,middle,1,0.6121045392022009,0.5733022097727981,0.6111371059198554,0.7463953314580511,0.0
proposed_seed17,vision,0.1,random,3,0.6102705181109583,0.5722358550678583,0.6095207760240736,0.7466915387162053,0.00023940625149132858
proposed_seed17,vision,0.1,start,1,0.6121045392022009,0.573394871383693,0.6109207469269587,0.7463502796816037,0.0
proposed_seed17,vision,0.3,end,1,0.6038514442916093,0.5679221661727706,0.604923328324098,0.7462259006547313,0.0
proposed_seed17,vision,0.3,middle,1,0.6148555708390646,0.5789206659665828,0.6155158525506412,0.7464879426006147,0.0
proposed_seed17,vision,0.3,random,3,0.6075194864740944,0.5709784173734054,0.6078605986357885,0.7470917591031334,0.0007478678330760367
proposed_seed17,vision,0.3,start,1,0.6052269601100413,0.5677167656415791,0.6051804934229364,0.7497339808748437,0.0
proposed_seed17,vision,0.5,end,1,0.5983493810178817,0.5625411149496503,0.599683798443813,0.7481506828194227,0.0
proposed_seed17,vision,0.5,middle,1,0.6134800550206327,0.5776843367482082,0.6144188562114804,0.7487391445742437,0.0
proposed_seed17,vision,0.5,random,3,0.6001834021091242,0.5659836823243833,0.6022407270365208,0.749174435771621,0.001220759153318272
proposed_seed17,vision,0.5,start,1,0.6011004126547456,0.5679776284749071,0.6040848309474208,0.750638957050321,0.0
proposed_seed17,vision,0.7,end,1,0.6079779917469051,0.5754793793739433,0.6107677476857954,0.7495947645486233,0.0
proposed_seed17,vision,0.7,middle,1,0.6148555708390646,0.5821801294558769,0.6174287400599511,0.7509948146609304,0.0
proposed_seed17,vision,0.7,random,3,0.6084364970197157,0.5765689110685283,0.6113564678887311,0.750709602793647,0.0014350350724296054
proposed_seed17,vision,0.7,start,1,0.6107290233837689,0.5772034808531159,0.6136160055878126,0.7528897021415485,0.0
